-- phpMyAdmin SQL Dump
-- version 4.0.10deb1
-- http://www.phpmyadmin.net
--
-- Host: localhost
-- Generation Time: Aug 26, 2014 at 03:17 PM
-- Server version: 5.5.38-0ubuntu0.14.04.1
-- PHP Version: 5.5.9-1ubuntu4.3

SET SQL_MODE = "NO_AUTO_VALUE_ON_ZERO";
SET time_zone = "+00:00";


/*!40101 SET @OLD_CHARACTER_SET_CLIENT=@@CHARACTER_SET_CLIENT */;
/*!40101 SET @OLD_CHARACTER_SET_RESULTS=@@CHARACTER_SET_RESULTS */;
/*!40101 SET @OLD_COLLATION_CONNECTION=@@COLLATION_CONNECTION */;
/*!40101 SET NAMES utf8 */;

--
-- Database: `professional_orientation`
--

-- --------------------------------------------------------

--
-- Table structure for table `answers`
--

CREATE TABLE IF NOT EXISTS `answers` (
  `id` int(11) NOT NULL AUTO_INCREMENT,
  `answer_id` int(11) NOT NULL,
  `answer_value` int(11) NOT NULL,
  `question_id` int(11) NOT NULL,
  `user_id` int(11) NOT NULL,
  PRIMARY KEY (`id`)
) ENGINE=InnoDB DEFAULT CHARSET=utf8 AUTO_INCREMENT=1 ;

-- --------------------------------------------------------

--
-- Table structure for table `colleges`
--

CREATE TABLE IF NOT EXISTS `colleges` (
  `id` int(11) NOT NULL AUTO_INCREMENT,
  `title` varchar(255) NOT NULL,
  `programme` varchar(255) NOT NULL,
  `abbrevation` varchar(255) NOT NULL,
  `area` varchar(255) NOT NULL,
  `description` text,
  `interest` varchar(11) NOT NULL,
  PRIMARY KEY (`id`),
  UNIQUE KEY `abbrevation` (`abbrevation`),
  UNIQUE KEY `abbrevation_2` (`abbrevation`)
) ENGINE=InnoDB  DEFAULT CHARSET=utf8 AUTO_INCREMENT=575 ;

--
-- Dumping data for table `colleges`
--

INSERT INTO `colleges` (`id`, `title`, `programme`, `abbrevation`, `area`, `description`, `interest`) VALUES
(1, 'Arhitektonski fakultet - Univerzitet u Beogradu', 'Arhitektura', 'BUARHARH', 'TT', NULL, '3,4,14'),
(2, 'Građevinski fakultet - Univerzitet u Beogradu', 'Građevinarstvo', 'BUGRFGRA', 'TT', NULL, '3,4,'),
(3, 'Građevinski fakultet - Univerzitet u Beogradu', 'Geodezija', 'BUGRFGEO', 'TT', NULL, '3,4,'),
(4, 'Ekonomski fakultet - Univerzitet u Beogradu', 'Ekonomija, poslovno upravljanje i statistika', 'BUEKOFEKO', 'DH', NULL, '9,10,14,'),
(5, 'Fizički fakultet - Univerzitet u Beogradu', 'Meteorologija', 'BUFFMET', 'PM', NULL, '11,'),
(6, 'Fizički fakultet - Univerzitet u Beogradu', 'Primenjena i kompjuterska fizika', 'BUFFPKF', 'PM', NULL, '5,'),
(7, 'Fizički fakultet - Univerzitet u Beogradu', 'Teorijska i eksperimentalna fizika', 'BUFFTEF', 'PM', NULL, '5,'),
(8, 'Fizički fakultet - Univerzitet u Beogradu', 'Opšta fizika', 'BUFFOF', 'PM', NULL, '5,'),
(9, 'Geografski fakultet - Univerzitet u Beogradu', 'Turizmologija', 'BUGEFTUR', 'PM', NULL, '9,14,'),
(10, 'Geografski fakultet - Univerzitet u Beogradu', 'Prostorno planiranje', 'BUGEFPP', 'PM', NULL, '1,2,14,'),
(11, 'Geografski fakultet - Univerzitet u Beogradu', 'Demografija', 'BUGEFDEM', 'PM', NULL, '14'),
(12, 'Geografski fakultet - Univerzitet u Beogradu', 'Geoprostorne osnove životne sredine', 'BUGEFGOZS', 'PM', '', '2,'),
(13, 'Geografski fakultet - Univerzitet u Beogradu', 'Geografija', 'BUGEFGEO', 'PM', NULL, '8,9,11'),
(14, 'Fakultet veterinarske medicine - Univerzitet u Beogradu', 'Veterinarska medicina', 'BUVETVM', 'MD', NULL, '1,13'),
(15, 'Fakultet za specijalnu edukaciju i rehabilitaciju - Univerzitet u Beogradu', 'Specijalna edukacija i rehabilitacija osoba sa motoričkim poremećajem', 'BUFASPERSEMP', 'DH', NULL, '13'),
(16, 'Fakultet za specijalnu edukaciju i rehabilitaciju - Univerzitet u Beogradu', 'Prevencija i tretman poremećaja ponašanja', 'BUFASPERPTPP', 'DH', NULL, '13'),
(17, 'Fakultet za specijalnu edukaciju i rehabilitaciju - Univerzitet u Beogradu', 'Specijalna edukacija i rehabilitacija gluvih i nagluvih osoba', 'BUFASPERSERGO', 'DH', NULL, '13'),
(18, 'Fakultet za specijalnu edukaciju i rehabilitaciju - Univerzitet u Beogradu', 'Specijalna edukacija i rehabilitacija osoba sa oštećenim vidom', 'BUFASPERSEROOV', 'DH', NULL, '13'),
(19, 'Fakultet za specijalnu edukaciju i rehabilitaciju - Univerzitet u Beogradu', 'Specijalna edukacija i rehabilitacija osoba sa teškoćama u mentalnom razvoju', 'BUFASPERSEROTMR', 'DH', NULL, '13'),
(20, 'Fakultet za specijalnu edukaciju i rehabilitaciju - Univerzitet u Beogradu', 'Logopedija', 'BUFASPERLOG', 'DH', NULL, '13'),
(21, 'Hemijski fakultet - Univerzitet u Beogradu', 'Biohemičar', 'BUHEMBIO', 'PM', NULL, '6,13'),
(22, 'Hemijski fakultet - Univerzitet u Beogradu', 'Profesor hemije', 'BUHEMPH', 'PM', NULL, '6,'),
(23, 'Hemijski fakultet - Univerzitet u Beogradu', 'Hemičar za životnu sredinu', 'BUHEMHZS', 'PM', NULL, '6,1,2,'),
(24, 'Hemijski fakultet - Univerzitet u Beogradu', 'Hemičar', 'BUHEMHEM', 'PM', NULL, '6,'),
(25, 'Biološki fakultet - Univerzitet u Beogradu', 'Biologija', 'UBBIFBIO', 'PM', NULL, '6,'),
(26, 'Matematički fakultet - Univerzitet u Beogradu', 'Astronomija i astrofizika', 'BUMATFASTRO', 'PM', NULL, '4,5,6,'),
(27, 'Matematički fakultet - Univerzitet u Beogradu', 'Informatika', 'BUMATFINF', 'PM', NULL, '5,'),
(28, 'Matematički fakultet - Univerzitet u Beogradu', 'Matematika', 'BUMATFMAT', 'PM', NULL, '4,5,'),
(29, 'Fakultet za fizičku hemiju - Univerzitet u Beogradu', 'Fizička hemija', 'BUFFHFH', 'PM', NULL, '6,'),
(30, 'Tehnološko metalurški fakultet - Univerzitet u Beogradu', 'Hemijsko inženjerstvo', 'BUTMFHI', 'TT', NULL, '6,'),
(31, 'Tehnološko metalurški fakultet - Univerzitet u Beogradu', 'Tekstilna tehnologija', 'BUTMFTT', 'TT', NULL, '7,'),
(32, 'Tehnološko metalurški fakultet - Univerzitet u Beogradu', 'Metalurško inženjerstvo', 'BUTMFMI', 'TT', NULL, '4,5,'),
(33, 'Tehnološko metalurški fakultet - Univerzitet u Beogradu', 'Inženjerstvo zaštite životne sredine', 'BUTMFIZZS', 'TT', NULL, '1,2,'),
(34, 'Tehnološko metalurški fakultet - Univerzitet u Beogradu', 'Biohemijsko inženjerstvo i biohemija', 'BUTMFBIB', 'TT', NULL, '6,'),
(35, 'Tehnološko metalurški fakultet - Univerzitet u Beogradu', 'Inženjerstvo materijala', 'BUTMFIM', 'TT', NULL, '7,'),
(36, 'Saobraćajni fakultet - Univerzitet u Beogradu', 'Saobraćaj', 'BUSFSAO', 'TT', NULL, '8,'),
(37, 'Učiteljski fakultet - Univerzitet u Beogradu', 'Vaspitač u predškolskim ustanovama', 'BUUFVAS', 'DH', NULL, '14'),
(38, 'Učiteljski fakultet - Univerzitet u Beogradu', 'Učitelj', 'BUUFUCI', 'DH', NULL, '14'),
(39, 'Filozofski fakultet - Univerzitet u Beogradu', 'Istorija umetnosti', 'BUFIU', 'DH', NULL, '12'),
(40, 'Filozofski fakultet - Univerzitet u Beogradu', 'Klasične nauke', 'BUFKN', 'DH', NULL, '12'),
(41, 'Filozofski fakultet - Univerzitet u Beogradu', 'Arheologija', 'BUFARH', 'DH', NULL, '12'),
(42, 'Filozofski fakultet - Univerzitet u Beogradu', 'Istorija', 'BUFIST', 'DH', NULL, '12'),
(43, 'Filozofski fakultet - Univerzitet u Beogradu', 'Pedagogija', 'BUFPED', 'DH', NULL, '12,13'),
(44, 'Filozofski fakultet - Univerzitet u Beogradu', 'FIlozofija', 'BUFFIL', 'DH', NULL, '12'),
(45, 'Filozofski fakultet - Univerzitet u Beogradu', 'Psihologija', 'BUFPSI', 'DH', NULL, '12,13'),
(46, 'Filozofski fakultet - Univerzitet u Beogradu', 'Sociologija', 'BUFSOC', 'DH', NULL, '12'),
(47, 'Filozofski fakultet - Univerzitet u Beogradu', 'Andragogija', 'BUFAND', 'DH', NULL, '12,13'),
(48, 'Filozofski fakultet - Univerzitet u Beogradu', 'Etnologija i antropologija', 'BUFETA', 'DH', NULL, '12'),
(49, 'Fakultet organizacionih nauka - Univerzitet u Beogradu', 'Informacioni sistemi i tehnologije', 'BUFONISIT', 'TT', NULL, '4,5,'),
(50, 'Fakultet organizacionih nauka - Univerzitet u Beogradu', 'Menadžment i organizacija', 'BUFONMEN', 'TT', NULL, '10,14'),
(51, 'Fakultet sporta i fizičkog vaspitanja - Univerzitet u Beogradu', 'Rekreacija', 'BUFSFVNSREK', 'DH', NULL, '13,14'),
(52, 'Fakultet sporta i fizičkog vaspitanja - Univerzitet u Beogradu', 'Sport', 'BUFSFVNSSPO', 'DH', NULL, '13,14'),
(53, 'Fakultet sporta i fizičkog vaspitanja - Univerzitet u Beogradu', 'Fizičko vaspitanje i sport', 'BUFSFVNSFVS', 'DH', NULL, '13,14'),
(54, 'Rudarsko geološki fakultet - Univerzitet u Beogradu', 'Geofizika', 'BURGFGEO', 'TT', NULL, '6,'),
(55, 'Rudarsko geološki fakultet - Univerzitet u Beogradu', 'Inženjerstvo životne sredine i zađtite na radu', 'BURGFIZSZR', 'TT', NULL, '1,2,8,'),
(56, 'Rudarsko geološki fakultet - Univerzitet u Beogradu', 'Hidrogeologija', 'BURGFHID', 'TT', NULL, '11'),
(57, 'Rudarsko geološki fakultet - Univerzitet u Beogradu', 'Rudarsko inženjerstvo', 'BURGFRI', 'TT', NULL, '2,6,'),
(58, 'Rudarsko geološki fakultet - Univerzitet u Beogradu', 'Inženjerstvo nafte i gasa', 'BURGFING', 'TT', NULL, '1,2,6,'),
(59, 'Stomatološki fakultet - Univerzitet u Beogradu', 'Oralni higijeničar', 'BUSTOMFOH', 'MD', NULL, '13'),
(60, 'Stomatološki fakultet - Univerzitet u Beogradu', 'Stomatologija', 'BUSTOMFSTO', 'MD', NULL, '13'),
(61, 'Stomatološki fakultet - Univerzitet u Beogradu', 'Zubni tehničar - protetičar', 'BUSTOMFZT', 'MD', NULL, '13'),
(62, 'Tehnički fakultet Bor - Univerzitet u Beogradu', 'Rudarsko inženjerstvo', 'BUTFBRI', 'TT', NULL, '2,6,4,'),
(63, 'Tehnički fakultet Bor - Univerzitet u Beogradu', 'Metalurško inženjerstvo', 'BUTFBMI', 'TT', NULL, '4,5,'),
(64, 'Tehnički fakultet Bor - Univerzitet u Beogradu', 'Tehnološko inženjerstvo', 'BUTFBTI', 'TT', NULL, '4,5,'),
(65, 'Tehnički fakultet Bor - Univerzitet u Beogradu', 'Inženjerski menadžment', 'BUTFBIM', 'TT', NULL, '4,14'),
(66, 'Farmaceutski fakultet - Univerzitet u Beograd', 'Magistar farmacije', 'BUPHFMRF', 'MD', NULL, '13'),
(67, 'Filološki fakultet - Univerzitet u Beograd', 'Jezik, književnost i kultura', 'BUFILJKK', 'DH', NULL, '12'),
(68, 'Filološki fakultet - Univerzitet u Beograd', 'Srpska književnost i jezik sa komparatistikom', 'BUFILSKJK', 'DH', NULL, '12'),
(69, 'Filološki fakultet - Univerzitet u Beograd', 'Srpski jezik i književnost', 'BUFILSJK', 'DH', NULL, '12'),
(70, 'Fakultet političkih nauka - Univerzitet u Beograd', 'Politikološke studije', 'BUFPNPS', 'DH', NULL, '12,10'),
(71, 'Fakultet političkih nauka - Univerzitet u Beograd', 'Novinarstvo', 'BUFPNNOV', 'DH', NULL, '12,14'),
(72, 'Fakultet političkih nauka - Univerzitet u Beograd', 'Međunarodne studije', 'BUFPNMES', 'DH', NULL, '12'),
(73, 'Šumarski fakultet - Univerzitet u Beograd', 'Pejsažna arhitektura i hortikultura', 'BUSFBPAH', 'TT', NULL, '1,2,'),
(74, 'Šumarski fakultet - Univerzitet u Beograd', 'Ekološko inženjerstvo u zaštiti zemiljišta i vodnih resursa', 'BUSFBEIZ', 'TT', NULL, '1,2,11'),
(75, 'Šumarski fakultet - Univerzitet u Beograd', 'Prerada drveta', 'BUSFBPRD', 'TT', NULL, '2,'),
(76, 'Šumarski fakultet - Univerzitet u Beograd', 'Šumarstvo', 'BUSFBSUM', 'TT', NULL, '2,'),
(77, 'Elektrotehnički fakultet - Univerzitet u Beogradu', 'Softversko inženjerstvo', 'BUETFSI', 'TT', NULL, '4,5,6,8,'),
(78, 'Elektrotehnički fakultet - Univerzitet u Beogradu', 'Elektrotehnika i računarstvo', 'BUEFTELR', 'TT', NULL, '4,5,'),
(79, 'Medicinski fakultet - Univerzitet u Beogradu', 'Medicina', 'BUMFUBMED', 'MD', NULL, '13'),
(80, 'Pravni fakultet - Univerzitet u Beogradu', 'Prava', 'BUIUSPRA', 'DH', NULL, '10,14'),
(81, 'Mašinski faklutet - Univerzitet u Beogradu', 'Mašinsko inženjerstvo', 'BUMASMAI', 'TT', NULL, '4,'),
(82, 'Poljoprivredni fakultet - Univerzitet u Beogradu', 'Biljna proizvodnja', 'BUAGRIFBIL', 'TT', NULL, '1,2,'),
(83, 'Poljoprivredni fakultet - Univerzitet u Beogradu', 'Zootehnika', 'BUAGRIFZOO', 'TT', NULL, '1,2,13'),
(84, 'Poljoprivredni fakultet - Univerzitet u Beogradu', 'Melioracija zemljišta', 'BUAGRIFMEL', 'TT', NULL, '1,'),
(85, 'Poljoprivredni fakultet - Univerzitet u Beogradu', 'Prehrambena tehnologija', 'BUAGRIFPRE', 'TT', NULL, '1,'),
(86, 'Poljoprivredni fakultet - Univerzitet u Beogradu', 'Poljoprivredna tehnika', 'BUAGRIFPOT', 'TT', NULL, '1,'),
(87, 'Poljoprivredni fakultet - Univerzitet u Beogradu', 'Agroekonomija', 'BUAGRIFAGR', 'DH', NULL, '1,10'),
(88, 'Fakultet bezbednosti - Univerzitet u Beogradu', 'Studije nauka bezbednosti', 'BUFBSNB', 'DH', NULL, '10'),
(89, 'Pravoslavni bogoslovski fakultet - Univerzitet u Beogradu', 'Opšta teologija', 'BUPBFOT', 'DH', NULL, '12'),
(90, 'Pravoslavni bogoslovski fakultet - Univerzitet u Beogradu', 'Praktični teolog', 'BUPBFPT', 'DH', NULL, '12'),
(91, 'Fakultet muzičke umetnosti - Univerzitet umetnosti u Beogradu', 'Sve', 'ARTSFMU', 'UM', NULL, '12'),
(97, 'Fakultet likovne umetnosti - Univerzitet umetnosti u Beogradu', 'Sve', 'ARTSFLU', 'UM', NULL, '12'),
(100, 'Fakultet dramskih umetnosti - Univerzitet umetnosti u Beogradu', 'Sve', 'ARTSFDU', 'UM', NULL, '12'),
(109, 'Akademija umetnosti - Univerzitet u Novom Sadu', 'Sve', 'UNSAU', 'UM', NULL, '12'),
(126, 'Građevinski fakultet - Univerzitet u Novom Sadu', 'Konstrukcije i materijali', 'UNSGFKOM', 'TT', NULL, '3,4,'),
(127, 'Građevinski fakultet - Univerzitet u Novom Sadu', 'Hidrotehnika i vodno inženjerstvo', 'UNSGFHVI', 'TT', NULL, '4,11,8,'),
(128, 'Ekonomski fakultet - Univerzitet u Novom Sadu', 'Agrarna ekonomija i agrobiznis', 'UNSEFAEA', 'DH', NULL, '1,10'),
(129, 'Ekonomski fakultet - Univerzitet u Novom Sadu', 'Marketing', 'UNSEFMAR', 'DH', NULL, '10,14'),
(130, 'Ekonomski fakultet - Univerzitet u Novom Sadu', 'Evropska ekonomija i biznis', 'UNSEFEEB', 'DH', NULL, '10,14'),
(131, 'Ekonomski fakultet - Univerzitet u Novom Sadu', 'Finansije bankarstvo i osiguranje', 'UNSEFFBO', 'DH', NULL, '10,14'),
(132, 'Ekonomski fakultet - Univerzitet u Novom Sadu', 'Kvantitativna ekonomija', 'UNSEFKVE', 'DH', NULL, '10,'),
(133, 'Ekonomski fakultet - Univerzitet u Novom Sadu', 'Menadžment', 'UNSEFMEN', 'DH', NULL, '10,14'),
(134, 'Ekonomski fakultet - Univerzitet u Novom Sadu', 'Računovodstvo i revizija', 'UNSEFRAR', 'DH', NULL, '10,14'),
(135, 'Ekonomski fakultet - Univerzitet u Novom Sadu', 'Trgovina', 'UNSEFTRG', 'DH', NULL, '9,10'),
(136, 'Ekonomski fakultet - Univerzitet u Novom Sadu', 'Poslovni informacioni sistemi', 'UNSEFPIS', 'DH', NULL, '5,10'),
(137, 'Medicinski fakultet - Univerzitet u Novom Sadu', 'Zdravstvena nega', 'UNSMEDZDN', 'MD', NULL, '13'),
(138, 'Medicinski fakultet - Univerzitet u Novom Sadu', 'Stomatologija', 'UNSMEDSTO', 'MD', NULL, '13'),
(139, 'Medicinski fakultet - Univerzitet u Novom Sadu', 'Farmacija', 'UNSMEDFAR', 'MD', NULL, '13'),
(140, 'Medicinski fakultet - Univerzitet u Novom Sadu', 'Medicina', 'UNSMEDMED', 'MD', NULL, '13'),
(141, 'Medicinski fakultet - Univerzitet u Novom Sadu', 'Specijalna edukacija', 'UNSMEDSPE', 'MD', NULL, '13'),
(142, 'Medicinski fakultet - Univerzitet u Novom Sadu', 'Specijalna rehabilitacija', 'UNSMEDSPR', 'MD', NULL, '13'),
(143, 'Poljoprivredni fakultet - Univerzitet u Novom Sadu', 'Stočarstvo', 'UNSAGRSTO', 'TT', NULL, '1,'),
(144, 'Poljoprivredni fakultet - Univerzitet u Novom Sadu', 'Pejsažna arhitektura', 'UNSAGRPEA', 'TT', NULL, '1,2,'),
(145, 'Poljoprivredni fakultet - Univerzitet u Novom Sadu', 'Opšti', 'UNSAGROPS', 'TT', NULL, '1,2,'),
(146, 'Poljoprivredni fakultet - Univerzitet u Novom Sadu', 'Hortikultura', 'UNSAGRHOR', 'TT', NULL, '1,2,'),
(147, 'Poljoprivredni fakultet - Univerzitet u Novom Sadu', 'Uređenje i korišćenje voda u poljoprivredi', 'UNSAGRUKV', 'TT', NULL, '1,'),
(148, 'Poljoprivredni fakultet - Univerzitet u Novom Sadu', 'Biotehnika i menadžment', 'UNSAGRBTM', 'TT', NULL, '1,14'),
(149, 'Poljoprivredni fakultet - Univerzitet u Novom Sadu', 'Poljoprivredna tehnika', 'UNSAGRPOT', 'TT', NULL, '1,4,5,'),
(150, 'Poljoprivredni fakultet - Univerzitet u Novom Sadu', 'Voćarstvo i vinogradarstvo', 'UNSAGRVOV', 'TT', NULL, '1,2,'),
(151, 'Poljoprivredni fakultet - Univerzitet u Novom Sadu', 'Ratarstvo i povrtarstvo', 'UNSAGRRAP', 'TT', NULL, '1,2,'),
(152, 'Poljoprivredni fakultet - Univerzitet u Novom Sadu', 'Agroekonomija', 'UNSAGRAGE', 'DH', NULL, '1,10'),
(153, 'Poljoprivredni fakultet - Univerzitet u Novom Sadu', 'Agroturizam i ruralni razvoj', 'UNSAGRARR', 'DH', NULL, '1,2,9,'),
(154, 'Poljoprivredni fakultet - Univerzitet u Novom Sadu', 'Agroekologija i zaštita životne sredine', 'UNSAGRAZZS', 'TT', NULL, '1,2,'),
(155, 'Poljoprivredni fakultet - Univerzitet u Novom Sadu', 'Fitomedicina', 'UNSAGRFIM', 'TT', NULL, '1,'),
(156, 'Poljoprivredni fakultet - Univerzitet u Novom Sadu', 'Organska poljoprivreda', 'UNSAGRORP', 'TT', NULL, '1,'),
(157, 'Pravni fakultet - Univerzitet u Novom Sadu', 'Smer unutrašnjih poslova', 'UNSPFSUP', 'DH', NULL, '10,'),
(158, 'Pravni fakultet - Univerzitet u Novom Sadu', 'Opšti smer', 'UNSPFOS', 'DH', NULL, '10,'),
(159, 'Prirodno-matematički fakultet - Univerzitet u Novom Sadu', 'Kontrola kvaliteta i upravljanje životnom sredinom', 'UNSPMFKUZS', 'PM', NULL, '1,'),
(160, 'Prirodno-matematički fakultet - Univerzitet u Novom Sadu', 'Geografija', 'UNSPMFGEO', 'PM', NULL, '3,8,12,'),
(161, 'Prirodno-matematički fakultet - Univerzitet u Novom Sadu', 'Ekologija', 'UNSPMFEKO', 'PM', NULL, '1,2,'),
(162, 'Prirodno-matematički fakultet - Univerzitet u Novom Sadu', 'Informatika', 'UNSPMFINF', 'PM', NULL, '4,5,'),
(163, 'Prirodno-matematički fakultet - Univerzitet u Novom Sadu', 'Matematika', 'UNSPMFMAT', 'PM', NULL, '4,5,'),
(164, 'Prirodno-matematički fakultet - Univerzitet u Novom Sadu', 'Fizika', 'UNSPMFFIZ', 'PM', NULL, '4,5,6,'),
(166, 'Prirodno-matematički fakultet - Univerzitet u Novom Sadu', 'Zaštita životne sredine', 'UNSPMFZZS', 'PM', NULL, '1,2,'),
(167, 'Prirodno-matematički fakultet - Univerzitet u Novom Sadu', 'Biologija', 'UNSPMFBIO', 'PM', NULL, '6,'),
(168, 'Prirodno-matematički fakultet - Univerzitet u Novom Sadu', 'Hemija', 'UNSPMFHEM', 'PM', NULL, '6,'),
(169, 'Prirodno-matematički fakultet - Univerzitet u Novom Sadu', 'Biohemija', 'UNSPMFBIH', 'PM', NULL, '6,'),
(170, 'Prirodno-matematički fakultet - Univerzitet u Novom Sadu', 'Primenjena matematika', 'UNSPMFPRM', 'PM', NULL, '4,5,'),
(171, 'Prirodno-matematički fakultet - Univerzitet u Novom Sadu', 'Menadžment u turizmu', 'UNSPMFMET', 'PM', NULL, '9,10,'),
(172, 'Prirodno-matematički fakultet - Univerzitet u Novom Sadu', 'Diplomirani profesor biologije', 'UNSPMFDPB', 'PM', NULL, '6,14'),
(173, 'Prirodno-matematički fakultet - Univerzitet u Novom Sadu', 'Dilomirani turizmolog', 'UNSPMFDIT', 'PM', NULL, '9'),
(174, 'Prirodno-matematički fakultet - Univerzitet u Novom Sadu', 'Diplomirani profesor geografije', 'UNSPMFDPG', 'PM', NULL, '12,14'),
(175, 'Tehnološki fakultet - Univerzitet u Novom Sadu', 'Prehrambeno inženjerstvo', 'UNSTEFPRI', 'TT', NULL, '1,2,'),
(176, 'Tehnološki fakultet - Univerzitet u Novom Sadu', 'Biotehnologija', 'UNSTEFBIO', 'TT', NULL, '6,'),
(177, 'Tehnološki fakultet - Univerzitet u Novom Sadu', 'Farmaceutsko inženjerstvo', 'UNSTEFFAI', 'TT', NULL, '13,'),
(178, 'Tehnološki fakultet - Univerzitet u Novom Sadu', 'Hemijsko inženjerstvo', 'UNSTEFHEI', 'TT', NULL, '6,'),
(179, 'Tehnološki fakultet - Univerzitet u Novom Sadu', 'Inženjerstvo materijala', 'UNSTEFINM', 'TT', NULL, '7,6,'),
(180, 'Tehnički fakultet "Mihajlo Pupin" Zrenjanin - Univerzitet u Novom Sadu', 'Industrijsko inženjerstvo', 'UNSTFMPZRINI', 'TT', NULL, '4,5,'),
(181, 'Tehnički fakultet "Mihajlo Pupin" Zrenjanin - Univerzitet u Novom Sadu', 'Informacione tehnologije', 'UNSTFMPZRINT', 'TT', NULL, '4,5,'),
(182, 'Tehnički fakultet "Mihajlo Pupin" Zrenjanin - Univerzitet u Novom Sadu', 'Inženjerski menadžment', 'UNSTFMPZRINM', 'TT', NULL, '0'),
(183, 'Tehnički fakultet "Mihajlo Pupin" Zrenjanin - Univerzitet u Novom Sadu', 'Odevna tehnologija', 'UNSTFMPZRODT', 'TT', NULL, '7,'),
(184, 'Tehnički fakultet "Mihajlo Pupin" Zrenjanin - Univerzitet u Novom Sadu', 'Inženjerska zaštita životne sredine', 'UNSTFMPZRIZZS', 'TT', NULL, '1,2,'),
(185, 'Pedagoški fakultet Sombor - Univerzitet u Novom Sadu', 'Školski bibliotekar', 'UNSPFSSB', 'DH', NULL, '12,'),
(186, 'Pedagoški fakultet Sombor - Univerzitet u Novom Sadu', 'Vaspitač', 'UNSPFSVAS', 'DH', NULL, '12,14,'),
(187, 'Pedagoški fakultet Sombor - Univerzitet u Novom Sadu', 'Učitelj', 'UNSPFSUCI', 'DH', NULL, '12,14,'),
(193, 'Fakultet tehničkih nauka - Univerzitet u Novom Sadu', 'Tehnička mehanika i dizajn u tehnici', 'UNSFTNTMDT', 'TT', NULL, '4,5,'),
(203, 'Fakultet tehničkih nauka - Univerzitet u Novom Sadu', 'Saobraćaj i transport', 'UNSFTNSIT', 'TT', NULL, '8,'),
(204, 'Fakultet tehničkih nauka - Univerzitet u Novom Sadu', 'Poštanski saobraćaj i telekomunikacije', 'UNSFTNPST', 'TT', NULL, '8,5,'),
(205, 'Fakultet tehničkih nauka - Univerzitet u Novom Sadu', 'Inženjerstvo zaštite na radu', 'UNSFTNIZR', 'TT', NULL, '4,5,'),
(206, 'Fakultet tehničkih nauka - Univerzitet u Novom Sadu', 'Mehatronika', 'UNSFTNMEH', 'TT', NULL, '4,'),
(207, 'Fakultet tehničkih nauka - Univerzitet u Novom Sadu', 'Grafičko inženjerstvo i dizajn', 'UNSFTNFID', 'TT', NULL, '12,14,'),
(208, 'Fakultet tehničkih nauka - Univerzitet u Novom Sadu', 'Mehanizacija i konstrukciono mašinstvo', 'UNSFTNMKM', 'TT', NULL, '4,'),
(209, 'Fakultet tehničkih nauka - Univerzitet u Novom Sadu', 'Proizvodno mašinstvo', 'UNSFTNPRM', 'TT', NULL, '4,'),
(210, 'Fakultet tehničkih nauka - Univerzitet u Novom Sadu', 'Arhitektura i urbanizam', 'UNSFTNAIU', 'TT', NULL, '4,14,'),
(211, 'Fakultet tehničkih nauka - Univerzitet u Novom Sadu', 'Energetika, elektronika i telekomunikacije', 'UNSFTNEET', 'TT', NULL, '5,'),
(212, 'Fakultet tehničkih nauka - Univerzitet u Novom Sadu', 'Računarstvo i automatika', 'UNSFTNRIA', 'TT', NULL, '5,'),
(213, 'Fakultet tehničkih nauka - Univerzitet u Novom Sadu', 'Građevinarstvo', 'UNSFTNGRA', 'TT', NULL, '3,4,8,'),
(214, 'Fakultet tehničkih nauka - Univerzitet u Novom Sadu', 'Inženjerski menadžment', 'UNSFTNINM', 'TT', NULL, '10,14'),
(215, 'Fakultet tehničkih nauka - Univerzitet u Novom Sadu', 'Geodezija i geomatika', 'UNSFTNGIG', 'TT', NULL, '3,'),
(216, 'Fakultet tehničkih nauka - Univerzitet u Novom Sadu', 'Energetika i procesna tehnika', 'UNSFTNEPT', 'TT', NULL, '5,'),
(217, 'Fakultet tehničkih nauka - Univerzitet u Novom Sadu', 'Elektroenergetika - obnovljivi izvori energije', 'UNSFTNEOE', 'TT', NULL, '5,'),
(219, 'Fakultet tehničkih nauka - Univerzitet u Novom Sadu', 'Saobraćaj i transport', 'UNSFTNSTR', 'TT', NULL, '8,'),
(220, 'Fakultet tehničkih nauka - Univerzitet u Novom Sadu', 'Softverske informacione tehnologije', 'UNSFTNSITN', 'TT', NULL, '4,5,'),
(221, 'Fakultet tehničkih nauka - Univerzitet u Novom Sadu', 'Animacija u inženjerstvu', 'UNSFTNAUI', 'TT', NULL, '5,'),
(222, 'Fakultet tehničkih nauka - Univerzitet u Novom Sadu', 'Upravljanje rizikom od katastrofalnih događaja i požara', 'UNSFTNURKD', 'TT', NULL, '10,11,'),
(260, 'Filozofski fakultet - Univerzitet u Novom Sadu', 'Strani jezici i književnost', 'UNSFILSJK', 'DH', NULL, '12'),
(261, 'Filozofski fakultet - Univerzitet u Novom Sadu', 'Sociologija', 'UNSFILSOC', 'DH', NULL, '12'),
(262, 'Filozofski fakultet - Univerzitet u Novom Sadu', 'Filozofija', 'UNSFILFIL', 'DH', NULL, '12'),
(263, 'Filozofski fakultet - Univerzitet u Novom Sadu', 'Pedagogija', 'UNSFILPED', 'DH', NULL, '0'),
(264, 'Filozofski fakultet - Univerzitet u Novom Sadu', 'Psihologija', 'UNSFILPSI', 'DH', NULL, '0'),
(265, 'Filozofski fakultet - Univerzitet u Novom Sadu', 'Istorija', 'UNSFILIST', 'DH', NULL, '12'),
(266, 'Filozofski fakultet - Univerzitet u Novom Sadu', 'Žurnalistika', 'UNSFILZUR', 'DH', NULL, '12,14'),
(267, 'Filozofski fakultet - Univerzitet u Novom Sadu', 'Srpska književnost', 'UNSFILSRK', 'DH', NULL, '12'),
(268, 'Filozofski fakultet - Univerzitet u Novom Sadu', 'Srpski jezik i književnost', 'UNSFILSJIK', 'DH', NULL, '12'),
(269, 'Fakultet sporta i fizičkog vaspitanja - Univerzitet u Novom Sadu', 'Profesor fizičkog vaspitanja i sporta', 'UNSFSVPFV', 'DH', NULL, '13,14'),
(270, 'Fakultet sporta i fizičkog vaspitanja - Univerzitet u Novom Sadu', 'Trener', 'UNSFSVTRE', 'DH', NULL, '13,14'),
(271, 'Fakultet sporta i fizičkog vaspitanja - Univerzitet u Novom Sadu', 'Sportski menadžer', 'UNSFSVSPM', 'DH', NULL, '14'),
(272, 'Ekonomski fakultet - Univerzitet u Kragujevcu', 'Ekonomija', 'UKEFEKO', 'DH', NULL, '9,10'),
(273, 'Ekonomski fakultet - Univerzitet u Kragujevcu', 'Poslovna ekonomija i menadžment', 'UKEFPEM', 'DH', NULL, '10'),
(274, 'Pravni fakultet - Univerzitet u Kragujavcu', 'Pravo', 'UKPFPRA', 'DH', NULL, '10'),
(275, 'Medicinski fakultet - Univerzitet u Kragujevcu', 'Strukovna medicinska sestra - Tehničar', 'UKMFSMS', 'MD', NULL, '13'),
(276, 'Medicinski fakultet - Univerzitet u Kragujevcu', 'Strukovni terapeut', 'UKMFST', 'MD', NULL, '13'),
(277, 'Medicinski fakultet - Univerzitet u Kragujevcu', 'Farmacija', 'UKMFFAR', 'MD', NULL, '13'),
(278, 'Medicinski fakultet - Univerzitet u Kragujevcu', 'Medicina', 'UKMFMED', 'MD', NULL, '13'),
(279, 'Medicinski fakultet - Univerzitet u Kragujevcu', 'Stomatologija', 'UNSMFSTO', 'MD', NULL, '13'),
(280, 'Filološko-umetnički fakultet - Univerzitet u Kragujevcu', 'Srpski jezik i književnost', 'UKFUKSJK', 'DH', NULL, '12'),
(281, 'Filološko-umetnički fakultet - Univerzitet u Kragujevcu', 'Strani jezici i književnost', 'UKFUKSJIK', 'DH', NULL, '12'),
(282, 'Filološko-umetnički fakultet - Univerzitet u Kragujevcu', 'Muzika u medijima', 'UKFUKMUM', 'UM', NULL, '12'),
(283, 'Filološko-umetnički fakultet - Univerzitet u Kragujevcu', 'Zidno slikarstvo', 'UKFUKZIS', 'DH', NULL, '12'),
(284, 'Filološko-umetnički fakultet - Univerzitet u Kragujevcu', 'Unutrašnja arhitektura', 'UKFUKUA', 'UM', NULL, '12'),
(285, 'Filološko-umetnički fakultet - Univerzitet u Kragujevcu', 'Instrumenti', 'UKFUKINS', 'UM', NULL, '12'),
(286, 'Filološko-umetnički fakultet - Univerzitet u Kragujevcu', 'Solo pevanje', 'UKFUKSOP', 'UM', NULL, '12'),
(287, 'Filološko-umetnički fakultet - Univerzitet u Kragujevcu', 'Muzička pedagogija', 'UKFUKMUP', 'UM', NULL, '12'),
(288, 'Filološko-umetnički fakultet - Univerzitet u Kragujevcu', 'Grafički dizajn', 'UKFUKGRD', 'UM', NULL, '12'),
(289, 'Prirodno-matematički fakultet - Univerzitet u Kragujevcu', 'Ekologija', 'UKPMFEKO', 'PM', NULL, '1,2,'),
(290, 'Prirodno-matematički fakultet - Univerzitet u Kragujevcu', 'Informatičar', 'UKPMFINF', 'PM', NULL, '4,5,'),
(291, 'Prirodno-matematički fakultet - Univerzitet u Kragujevcu', 'Fizičar', 'UKPMFFIZ', 'PM', NULL, '6,'),
(292, 'Prirodno-matematički fakultet - Univerzitet u Kragujevcu', 'Hemičar', 'UKPMFHEM', 'PM', NULL, '6,'),
(293, 'Prirodno-matematički fakultet - Univerzitet u Kragujevcu', 'Matematičar', 'UKPMFMAT', 'PM', NULL, '5,6,'),
(294, 'Prirodno-matematički fakultet - Univerzitet u Kragujevcu', 'Biolog', 'UKPMFBIO', 'PM', NULL, '6,'),
(295, 'Mašinski fakultet - Univerzitet u Kragujevcu', 'Mašinsko inženjerstvo', 'UKMFMAI', 'TT', NULL, '4,'),
(296, 'Mašinski fakultet - Univerzitet u Kragujevcu', 'Vojnoindustrijsko inženjerstvo', 'UKMFVOI', 'TT', NULL, '4,5,8,'),
(297, 'Mašinski fakultet - Univerzitet u Kragujevcu', 'Građevinsko inženjerstvo', 'UKMFGRI', 'TT', NULL, '4,5,8'),
(298, 'Pedagoški fakultet Jagodina - Univerzitet u Kragujevcu', 'Vaspitač u predškolskim ustanovama', 'UKPFJVPU', 'DH', NULL, '12,14'),
(299, 'Pedagoški fakultet Jagodina - Univerzitet u Kragujevcu', 'Učitelj', 'UKPFJUCI', 'DH', NULL, '12,14'),
(300, 'Pedagoški fakultet Jagodina - Univerzitet u Kragujevcu', 'Vaspitač u domovima', 'UKPFJVUD', 'DH', NULL, '12,13,14'),
(301, 'Učiteljski fakultet Užice - Univerzitet u Kragujevcu', 'Učitelj', 'UKUFUUCI', 'DH', NULL, '12,14'),
(302, 'Učiteljski fakultet Užice - Univerzitet u Kragujevcu', 'Vaspitač', 'UKUFUVAS', 'DH', NULL, '12,14'),
(303, 'Agroekonomski fakultet Čačak - Univerzitet u Kragujevcu', 'Zootehnika', 'UKAFCZOO', 'TT', NULL, '1,'),
(304, 'Agroekonomski fakultet Čačak - Univerzitet u Kragujevcu', 'Voćarstvo i vinogradarstvo', 'UKAFCVIV', 'TT', NULL, '1,2,'),
(305, 'Agroekonomski fakultet Čačak - Univerzitet u Kragujevcu', 'Prehrambena tehnologija', 'UKAFCPRT', 'TT', NULL, '1,'),
(306, 'Agroekonomski fakultet Čačak - Univerzitet u Kragujevcu', 'Opšta agronomija', 'UKAFCOPA', 'TT', NULL, '1,10'),
(307, 'Tehnički fakultet Čačak - Univerzitet u Kragujevcu', 'Preduzetnički menadžment', 'UKTFCPRM', 'TT', NULL, '9,10'),
(308, 'Tehnički fakultet Čačak - Univerzitet u Kragujevcu', 'Građevinarstvo', 'UKTFCGRA', 'TT', NULL, '14'),
(309, 'Tehnički fakultet Čačak - Univerzitet u Kragujevcu', 'Informacione tehnologije', 'UKTFCINT', 'TT', NULL, '4,5,'),
(310, 'Tehnički fakultet Čačak - Univerzitet u Kragujevcu', 'Mehatronika', 'UKTFCMEH', 'IM', NULL, '4,'),
(311, 'Tehnički fakultet Čačak - Univerzitet u Kragujevcu', 'Elektrotehničko i računarsko inženjerstvo', 'UKTFCERI', 'TT', NULL, '4,5,'),
(312, 'Građevinsko-arhitektonski fakultet - Univerzitet u Nišu', 'Arhitektura', 'UNGAFARH', 'TT', NULL, '3,4,14'),
(313, 'Građevinsko-arhitektonski fakultet - Univerzitet u Nišu', 'Građevinarstvo', 'UNGAFGRA', 'TT', NULL, '3,4,'),
(314, 'Ekonomski fakultet - Univerzitet u Nišu', 'Finansije, bankarstvo i osiguranje', 'UNEFFBO', 'DH', NULL, '9,10'),
(315, 'Ekonomski fakultet - Univerzitet u Nišu', 'Poslovno upravljanje', 'UNEFPOU', 'DH', NULL, '9,10,14'),
(316, 'Ekonomski fakultet - Univerzitet u Nišu', 'Računovodstvo, revizija i finansijsko upravljanje', 'UNEFRFU', 'DH', NULL, '10,'),
(317, 'Ekonomski fakultet - Univerzitet u Nišu', 'Opšta ekonomija', 'UNEFOE', 'DH', NULL, '9,10'),
(318, 'Elektronski fakultet - Univerzitet u Nišu', 'Elektrotehnika i informacione tehnologije', 'UNELFEIT', 'TT', NULL, '4,5,'),
(319, 'Elektronski fakultet - Univerzitet u Nišu', 'Elektrotehnika i računarstvo', 'UKELFETR', 'TT', NULL, '4,5,'),
(320, 'Mašinski fakultet - Univerzitet u Nišu', 'Mašinsko inženjerstvo', 'UNMFMAI', 'TT', NULL, '4,'),
(321, 'Mašinski fakultet - Univerzitet u Nišu', 'Inženjerski menadžment', 'UNMFINM', '', NULL, '4,5,14'),
(322, 'Medicinski fakultet - Univerzitet u Nišu', 'Strukovni sanitarno-ekološki inženjer', 'UNMEDSEI', 'MD', NULL, '13'),
(323, 'Medicinski fakultet - Univerzitet u Nišu', 'Oralni higijeničar', 'UNMEDORH', 'MD', NULL, '13'),
(324, 'Medicinski fakultet - Univerzitet u Nišu', 'Strukovni zubni protetičar', 'UNMEDSZP', 'MD', NULL, '13'),
(325, 'Medicinski fakultet - Univerzitet u Nišu', 'Strukovna medicinska sestra - tehničar', 'UNMEDSMS', 'MD', NULL, '13'),
(326, 'Medicinski fakultet - Univerzitet u Nišu', 'Medicina', 'UNMEDMED', 'MD', NULL, '13'),
(327, 'Medicinski fakultet - Univerzitet u Nišu', 'Stomatologija', 'UNMEDSTO', 'MD', NULL, '13'),
(328, 'Medicinski fakultet - Univerzitet u Nišu', 'Farmacija', 'UNMEDFAR', 'MD', NULL, '13'),
(329, 'Pravni fakultet - Univerzitet u Nišu', 'Prava', 'UNPFPRA', 'DH', NULL, '10'),
(337, 'Prirodno-matematički fakultet - Univerzitet u Nišu', 'Matematika', 'UNPMFMAT', 'PM', NULL, '4,5,'),
(338, 'Prirodno-matematički fakultet - Univerzitet u Nišu', 'Geografija', 'UNPMFGEO', 'PM', NULL, '3,12,11,14'),
(339, 'Prirodno-matematički fakultet - Univerzitet u Nišu', 'Fizika', 'UNPMFFIZ', 'PM', NULL, '4,5,6,'),
(340, 'Prirodno-matematički fakultet - Univerzitet u Nišu', 'Informatika', 'UNPMFINF', 'PM', NULL, '4,5,'),
(341, 'Prirodno-matematički fakultet - Univerzitet u Nišu', 'Biologija', 'UNPMFBIO', 'PM', NULL, '6,'),
(342, 'Prirodno-matematički fakultet - Univerzitet u Nišu', 'Hemija', 'UNPMFHEM', 'PM', NULL, '6,'),
(343, 'Fakultet zaštite na radu - Univerzitet u Nišu', 'Zaštita radne i životne sredine', 'UNFZRZRS', 'DH', NULL, '4,1,5,6,'),
(344, 'Fakultet sporta i fizičkog vaspitanja - Univerzitet u Nišu', 'Sport', 'UNFSVSPO', 'DH', NULL, '13,14'),
(345, 'Fakultet sporta i fizičkog vaspitanja - Univerzitet u Nišu', 'Fizičko vaspitanje i sport', 'UNFSVFVS', 'DH', NULL, '13,14'),
(346, 'Filozofski fakultet - Univerzitet u Nišu', 'Sociologija', 'UNFILSOC', 'DH', NULL, '13,12'),
(347, 'Filozofski fakultet - Univerzitet u Nišu', 'Novinarstvo', 'UNFILNOV', 'DH', NULL, '12,14'),
(348, 'Filozofski fakultet - Univerzitet u Nišu', 'Strani jezici', 'UNFILSTJ', 'DH', NULL, '12'),
(349, 'Filozofski fakultet - Univerzitet u Nišu', 'Pedagogija', 'UNFILPED', 'DH', NULL, '12,13'),
(350, 'Filozofski fakultet - Univerzitet u Nišu', 'Psihologija', 'UNFILPSI', 'DH', NULL, '12,13'),
(351, 'Filozofski fakultet - Univerzitet u Nišu', 'Istorija', 'UNFILIST', 'DH', NULL, '12'),
(352, 'Tehnološki fakultet Leskovac - Univerzitet u Nišu', 'Tekstilne tehnologije', 'UNTFLTT', 'TT', NULL, '6,7'),
(353, 'Tehnološki fakultet Leskovac - Univerzitet u Nišu', 'Prehrambena tehnologija i biotehnologija', 'UNTFLPTB', 'TT', NULL, '6,'),
(354, 'Tehnološki fakultet Leskovac - Univerzitet u Nišu', 'Hemijske tehnologije', 'UNTFLHET', 'TT', NULL, '6.'),
(355, 'Učiteljstki fakultet Vranje - Univerzitet u Nišu', 'Obrazovanje učitelja', 'UNUFVOU', 'DH', NULL, '12,14'),
(356, 'Učiteljstki fakultet Vranje - Univerzitet u Nišu', 'Obrazovanje vaspitača', 'UNUFVOV', 'DH', NULL, '12,14'),
(357, 'Fakultet umetnosti - Univerzitet u Nišu', 'Grafički dizajn', 'UNFUGRD', 'UM', NULL, '12,14'),
(358, 'Fakultet umetnosti - Univerzitet u Nišu', 'Instrumenti', 'UNFUINS', 'UM', NULL, '12'),
(359, 'Fakultet umetnosti - Univerzitet u Nišu', 'Solo pevanje', 'UNFUSOP', 'UM', NULL, '12'),
(360, 'Fakultet umetnosti - Univerzitet u Nišu', 'Slikarstvo', 'UNFUSLI', 'UM', NULL, '12'),
(361, 'Fakultet umetnosti - Univerzitet u Nišu', 'Opšta muzička pedagogija', 'UNFUOMP', 'UM', NULL, '12'),
(362, 'Fakultet tehničkih nauka - Univerzitet u Prištini', 'Arhitektura', 'UPRFTNARH', 'TT', NULL, '3,4,14'),
(363, 'Fakultet tehničkih nauka - Univerzitet u Prištini', 'Građevinsko inženjerstvo', 'UPRFTNGRI', 'TT', NULL, '3,4,14'),
(364, 'Fakultet tehničkih nauka - Univerzitet u Prištini', 'Elektrotehničko i računarsko inženjerstvo', 'UPRFTNERI', 'TT', NULL, '4,5,'),
(365, 'Fakultet tehničkih nauka - Univerzitet u Prištini', 'Inženjerstvo zaštite životne sredine i zaštite na radu', 'UPRFTNIZSR', 'TT', NULL, '1,2,4,'),
(366, 'Fakultet tehničkih nauka - Univerzitet u Prištini', 'Mašinsko inženjerstvo', 'UPRFTNMAI', 'TT', NULL, '4,'),
(367, 'Fakultet tehničkih nauka - Univerzitet u Prištini', 'Rudarsko inženjerstvo', 'UPRFTNRUI', 'TT', NULL, '4,5,'),
(368, 'Fakultet tehničkih nauka - Univerzitet u Prištini', 'Tehnološko inženjerstvo', 'UPRFTNTEI', 'TT', NULL, '4,6,'),
(369, 'Medicinski fakultet - Univerzitet u Prištini', 'Zdravstvena nega', 'UPRMEDZDN', 'MD', NULL, '13'),
(370, 'Medicinski fakultet - Univerzitet u Prištini', 'Doktor medicine', 'UPRMEDDRM', 'MD', NULL, '13'),
(371, 'Medicinski fakultet - Univerzitet u Prištini', 'Stomatolog', 'UPRMEDSTO', 'MD', NULL, '13'),
(372, 'Poljoprivredni fakultet - Univerzitet u Prištini', 'Biljna proizvodnja', 'UPRPFBIP', 'TT', NULL, '1,'),
(373, 'Poljoprivredni fakultet - Univerzitet u Prištini', 'Stočarstvo', 'UPRPFSTO', 'TT', NULL, '1,'),
(374, 'Pravni fakultet - Univerzitet u Prištini', 'Pravo', 'UPRPFPRA', 'DH', NULL, '10,'),
(375, 'Prirodno-matematički fakultet - Univerzitet u Prištini', 'Informatika', 'UPRPMFINF', 'PM', NULL, '5,'),
(376, 'Prirodno-matematički fakultet - Univerzitet u Prištini', 'Hemija', 'UPRPMFHEM', 'PM', NULL, '6,'),
(377, 'Prirodno-matematički fakultet - Univerzitet u Prištini', 'Geografija', 'UPRPMFGEO', 'PM', NULL, '3,12,14'),
(378, 'Prirodno-matematički fakultet - Univerzitet u Prištini', 'Fizika', 'UPRPMFFIZ', 'PM', NULL, '6,'),
(379, 'Prirodno-matematički fakultet - Univerzitet u Prištini', 'Matematika', 'UPRPMFMAT', 'PM', NULL, '4,5,6,'),
(380, 'Prirodno-matematički fakultet - Univerzitet u Prištini', 'Biologija', 'UPRPMFBIO', 'PM', NULL, '6,'),
(381, 'Učiteljski fakultet Leposavić - Univerzitet u Prištini', 'Razredna nastava', 'UPRUFLRN', 'DH', NULL, '12,14'),
(382, 'Učiteljski fakultet Leposavić - Univerzitet u Prištini', 'Vaspitač predškolskih ustanova', 'UPRUFLVPU', 'DH', NULL, '12,14'),
(383, 'Fakultet za sport i fizičko vaspitanje Leposavić - Univerzitet u Prištini', 'Fizičko vaspitanje i sport', 'UPRFSVFVS', 'DH', NULL, '13,14'),
(384, 'Ekonomski fakultet - Univerzitet u Prištini', 'Poslovna ekonomija', 'UPREFPOE', 'DH', NULL, '9,10'),
(385, 'Fakultet umetnosti Zvečan - Univerzitet u Prištini', 'Grafika', 'UPRFUZGRA', 'UM', NULL, '12'),
(386, 'Fakultet umetnosti Zvečan - Univerzitet u Prištini', 'Gluma', 'UPRFUZGLU', 'UM', NULL, '12'),
(387, 'Fakultet umetnosti Zvečan - Univerzitet u Prištini', 'Vajarstvo', 'UPRFUZVAJ', 'UM', NULL, '12'),
(388, 'Fakultet umetnosti Zvečan - Univerzitet u Prištini', 'Slikarstvo', 'UPRFUZSLI', 'UM', NULL, '12'),
(389, 'Fakultet umetnosti Zvečan - Univerzitet u Prištini', 'Instrumenti', 'UPRFUZINS', 'UM', NULL, '12'),
(390, 'Filozofski fakultet - Univerzitet u Prištini', 'Srpski jezik i književnost', 'UPRFILSJK', 'DH', NULL, '12'),
(391, 'Filozofski fakultet - Univerzitet u Prištini', 'Sociologija', 'UPRFILSOC', 'DH', NULL, '12'),
(392, 'Filozofski fakultet - Univerzitet u Prištini', 'Istorija umetnosti', 'UPRFILISU', 'DH', NULL, '12'),
(393, 'Filozofski fakultet - Univerzitet u Prištini', 'Strani jezici', 'UPRFILSJIK', 'DH', NULL, '12'),
(394, 'Državni univerzitet u Novom Pazaru', 'Sport i rekreacija', 'DUNPSIR', 'DH', NULL, '13,14'),
(395, 'Državni univerzitet u Novom Pazaru', 'Računarska tehnika', 'DUNPRT', 'TT', NULL, '5,'),
(396, 'Državni univerzitet u Novom Pazaru', 'Matematika', 'DUNPMAT', 'PM', NULL, '4,5,6,'),
(397, 'Državni univerzitet u Novom Pazaru', 'Audio i video tehnologije', 'DUNPAVT', 'TT', NULL, '5,'),
(398, 'Državni univerzitet u Novom Pazaru', 'Psihologija', 'DUNPPSI', 'DH', NULL, '12,13,14'),
(399, 'Državni univerzitet u Novom Pazaru', 'Srpska književnost i jezik', 'DUNPSKJ', 'DH', NULL, '12'),
(400, 'Državni univerzitet u Novom Pazaru', 'Engleski jezik i književnost', 'DUNPEJK', 'DH', NULL, '12'),
(401, 'Državni univerzitet u Novom Pazaru', 'Pravo', 'DUNPPRA', 'DH', NULL, '10'),
(402, 'Državni univerzitet u Novom Pazaru', 'Ekonomija', 'DUNPEKO', 'DH', NULL, '9,10'),
(403, 'Državni univerzitet u Novom Pazaru', 'Hemija', 'DUNPHEM', 'PM', NULL, '6,'),
(404, 'Državni univerzitet u Novom Pazaru', 'Rehabilitacija', 'DUNPREH', 'MD', NULL, '13'),
(405, 'Državni univerzitet u Novom Pazaru', 'Biologija', 'DUNPBIO', 'PM', NULL, '6,'),
(406, 'Državni univerzitet u Novom Pazaru', 'Informatika matematika', 'DUNPINM', 'PM', NULL, '5,'),
(407, 'Državni univerzitet u Novom Pazaru', 'Informatika fizika', 'DUNPINF', 'PM', NULL, '5,6,'),
(408, 'Državni univerzitet u Novom Pazaru', 'Arhitektura', 'DUNPARH', 'TT', NULL, '3,4,14'),
(409, 'Državni univerzitet u Novom Pazaru', 'Građevinarstvo', 'DUNPGRA', 'TT', NULL, '3,'),
(410, 'Državni univerzitet u Novom Pazaru', 'Prehrambena tehnologija', 'DUNPPRT', 'TT', NULL, '1,'),
(411, 'Državni univerzitet u Novom Pazaru', 'Poljoprivredna proizvodnja', 'DUNPPOP', 'TT', NULL, '1,'),
(412, 'Državni univerzitet u Novom Pazaru', 'Likovna umetnost', 'DUNPLIU', 'UM', NULL, '12'),
(413, 'Državni univerzitet u Novom Pazaru', 'Matematika i fizika', 'DUNPMIF', 'PM', NULL, '4,5,6'),
(414, 'Državni univerzitet u Novom Pazaru', 'Vaspitač u predškolskim ustanovama', 'DUNPVPU', 'DH', NULL, '12,14'),
(415, 'Vojna akademija - Univerzitet odbrane', 'Menadžment u odbrani', 'UOVAMO', 'DH', NULL, '10'),
(416, 'Vojna akademija - Univerzitet odbrane', 'Vojnoelektronsko inženjerstvo', 'UOVAVI', 'TT', NULL, '5,'),
(417, 'Vojna akademija - Univerzitet odbrane', 'Vojnomašinsko inženjerstvo', 'UOVAVMI', 'TT', NULL, '4,'),
(418, 'Vojna akademija - Univerzitet odbrane', 'Vojnohemijsko inženjerstvo', 'UOVAVHI', 'TT', NULL, '6,'),
(419, 'Vojna akademija - Univerzitet odbrane', 'Vojno vazduhoplovstvo', 'UOVAVV', 'TT', NULL, '4,5,'),
(420, 'Vojna akademija - Univerzitet odbrane', 'Logistika odbrane', 'UOVALO', 'TT', NULL, '8,4,'),
(421, 'Vojnomedicinska akademija - Univerzitet odbrane', 'Doktor medicine - 6 godina', 'UOVADRM', 'MD', NULL, '13'),
(422, 'Univerzitet Singidunum', 'Inženjerski menadžment', 'USIM', 'TT', NULL, '0'),
(423, 'Univerzitet Singidunum', 'Poslovna ekonomija', 'USPE', 'DH', NULL, '0'),
(424, 'Univerzitet Singidunum', 'Turizam i hotelijerstvo', 'USTH', 'DH', NULL, '0'),
(425, 'Univerzitet Singidunum', 'Informatika i računarstvo', 'USIR', 'PM', NULL, '0'),
(426, 'Univerzitet Singidunum', 'Marketing i trgovina', 'USMT', 'DH', NULL, '0'),
(427, 'Poslovni fakultet Valjevo - Univerzitet Singidunum', 'Turizam i hotelijerstvo', 'USPFVTH', 'DH', NULL, '0'),
(428, 'Poslovni fakultet Valjevo - Univerzitet Singidunum', 'Poslovna informatika', 'USPFVPI', 'DH', NULL, '0'),
(429, 'Poslovni fakultet Valjevo - Univerzitet Singidunum', 'Računovodstvo', 'USPFVRAC', 'DH', NULL, '0'),
(430, 'Poslovni fakultet Valjevo - Univerzitet Singidunum', 'Finansije i bankarstvo', 'USPFVFIB', 'DH', NULL, '0'),
(431, 'Fakultet za ekonomiju finansije i administraciju (FEFA) - Univerzitet Singidunum', 'Menadžment', 'USFEFAMEN', 'DH', NULL, '0'),
(432, 'Fakultet za ekonomiju finansije i administraciju (FEFA) - Univerzitet Singidunum', 'Ekonomija', 'USFEFAEKO', 'DH', NULL, '0'),
(433, 'Fakultet za primenjenu ekologiju - Univerzitet Singidunum', 'Zaštita životne sredine', 'USFUTURAZZS', 'DH', NULL, '0'),
(434, 'Fakultet za medije i komunikaciju (FMK) - Univerzitet Singidunum', 'Komunikacije', 'USFMKKOM', 'DH', NULL, '0'),
(435, 'Fakultet za medije i komunikaciju (FMK) - Univerzitet Singidunum', 'Novinarstvo', 'USFMKNOV', 'DH', NULL, '0'),
(436, 'Fakultet za medije i komunikaciju (FMK) - Univerzitet Singidunum', 'Psihologija', 'USFMKPSI', 'DH', NULL, '0'),
(437, 'Fakultet za evropske pravno-političke studije (FEPPS) - Univerzitet Singidunum', 'Pravo', 'USFEPPSPRA', 'DH', NULL, '0'),
(438, 'Fakultet za evropske pravno-političke studije (FEPPS) - Univerzitet Singidunum', 'Politikologija', 'USFEPPSPOL', 'DH', NULL, '0'),
(454, 'Fakultet za menadžment - Univerzitet Megatrend', 'Menadžment', 'UMFMMEN', 'DH', NULL, '0'),
(455, 'Fakultet za poslovne studije - Univerzitet Megatrend', 'Osnove akademske poslovne studije', 'UMFPSOAS', 'DH', NULL, '0'),
(456, 'Fakultet za poslovne studije - Univerzitet Megatrend', 'Poslovna ekonomija', 'UMFPSPE', 'DH', NULL, '0'),
(457, 'Geoekonomski fakultet - Univerzitet Megatrend', 'Geoekonomske i regionalne studije', 'UMGEFGRS', 'DH', NULL, '0'),
(458, 'Geoekonomski fakultet - Univerzitet Megatrend', 'Međunarodna ekonomija i finansije', 'UMGEFMEF', 'DH', NULL, '0'),
(459, 'Fakultet za državnu upravu i administraciju - Univerzitet Megatrend', 'OAS za državnu upravu i administraciju', 'UMFDUADUA', 'DH', NULL, '0'),
(460, 'Fakultet za kulturu i medije - Univerzitet Megatrend', 'Menadžment u kulturi i medijima', 'UMFKMMKM', 'DH', NULL, '0'),
(461, 'Fakultet za kulturu i medije - Univerzitet Megatrend', 'Odnosi sa javnošću', 'UMFKMOJ', 'DH', NULL, '0'),
(462, 'Fakultet za kulturu i medije - Univerzitet Megatrend', 'Novinarstvo', 'UMFKMNOV', 'DH', NULL, '0'),
(463, 'Fakultet za poslovnu ekonomiju - Univerzitet Megatrend', 'Poslovna ekonomija', 'UMFPEPE', 'DH', NULL, '0'),
(464, 'Fakultet za umetnost i dizajn - Univerzitet Megatrend', 'Primenjena umetnost i dizajn', 'UMFUDPUD', 'UM', NULL, '0'),
(465, 'Fakultet za biofarming - Univerzitet Megatrend', 'Biofarming', 'UMFBFBIF', 'TT', NULL, '0'),
(466, 'Fakultet za kompjuterske nauke - Univerzitet Megatrend', 'Kompjuterske nauke', 'UMFKNKN', 'TT', NULL, '0'),
(467, 'Fakultet za poslovne studije - Univerzitet Megatrend', 'Poslovne akademske studije', 'UMFPSPAS', 'DH', NULL, '0'),
(468, 'Pravni fakultet za privredu i pravosuđe - Univerzitet "Privredna akademija"', 'Privredno pravni studijski program', 'UPAPFPPPSP', 'DH', NULL, '0'),
(469, 'Fakultet za ekonomiju i inženjerski menadžment - Univerzitet "Privredna akademija"', 'Poslovna ekonomija i finansije', 'UPAFEMPEF', 'DH', NULL, '0'),
(470, 'Fakultet za ekonomiju i inženjerski menadžment - Univerzitet "Privredna akademija"', 'Međunarodna ekonomija i ekonomska diplomatija', 'UPAFEMMEED', 'DH', NULL, '0'),
(471, 'Fakultet za ekonomiju i inženjerski menadžment - Univerzitet "Privredna akademija"', 'Inženjerski menadžmet u biotehnologiji', 'UPAFEMIMB', 'TT', NULL, '0'),
(472, 'Stomatološki fakultet - Univerzitet "Privredna akademija"', 'Stomatologija', 'UPASFSTO', 'MD', NULL, '0'),
(473, 'Univerzitet "Edukons"', 'Primenjena bezbednost', 'UEPB', 'IM', NULL, '0'),
(474, 'Univerzitet "Edukons"', 'Klasično slikarstvo', 'UEKS', 'UM', NULL, '0'),
(475, 'Univerzitet "Edukons"', 'Poslovna Ekonomija', 'UEPE', 'DH', NULL, '0'),
(476, 'Univerzitet "Edukons"', 'Zaštita životne sredine', 'UEZZS', 'PM', NULL, '0'),
(477, 'Fakultet za uslužni biznis - Univerzitet "Edukons"', 'Menadžment u uslugama', 'UEFABUSMU', 'DH', NULL, '0'),
(478, 'Univerzitet "Edukons"', 'Ratarstvo i povrtarstvo', 'UERP', 'TT', NULL, '0'),
(479, 'Fakultet za primenjenu bezbednost - Univerzitet "Edukons"', 'Primenjena bezbednost', 'UEFPBPB', 'DH', NULL, '0'),
(480, 'Fakultet za poslovno industrijski menadžment - Univerzitet Union', 'Poslovni menadžment', 'UUFPIMPM', 'DH', NULL, '0'),
(481, 'Računarski fakultet - Univerzitet Union', 'Računarske mreže i komunikacije', 'UURAFRMK', 'TT', NULL, '0'),
(482, 'Računarski fakultet - Univerzitet Union', 'Informacione tehnologije', 'UURAFINT', '', NULL, '0'),
(483, 'Beogradska bankarska akademija - Univerzitet Union', 'Bankarstvo, osiguranje i finansije', 'UUBBABOF', 'DH', NULL, '0'),
(484, 'Pravni fakultet - Univerzitet Union', 'Osnovne akademske studije', 'UUPFOAS', 'DH', NULL, '0'),
(485, 'Fakultet za graditeljski menadžment - Univerzitet Union - Nikola Tesla', 'Građevinarstvo', 'UUNTFGMGRA', 'TT', NULL, '0'),
(486, 'Fakultet za graditeljski menadžment - Univerzitet Union - Nikola Tesla', 'Arhitektura i urbanizam', 'UUNTFGMAU', 'TT', NULL, '0'),
(487, 'Fakultet za preduzetnički biznis - Univerzitet Union - Nikola Tesla', 'Preduzetnički biznis', 'UUNTFPBPRB', 'DH', NULL, '0'),
(488, 'Fakultet za menažment nekretnina - Univerzitet Union Nikola Tesla', 'Razvoj i upravljanje nekretninama ', 'UUNTFMNRUN', 'DH', NULL, '0'),
(489, 'Univerzitet Alfa', 'Trgovina', 'UATRG', 'DH', NULL, '0'),
(490, 'Univerzitet Alfa', 'Računovodstvo i revizija', 'UARIR', 'DH', NULL, '0'),
(491, 'Univerzitet Alfa', 'Produkcija umetnosti u medijima', 'UAPUM', 'UM', NULL, '0'),
(492, 'Univerzitet Alfa', 'Advertajzing i dizajn', 'UAAD', 'UM', NULL, '0'),
(493, 'Univerzitet Alfa', 'Fotografija', 'UAFOT', 'UM', NULL, '0'),
(494, 'Univerzitet Alfa', 'Filmska i TV kamera', 'UAFTK', 'UM', NULL, '0'),
(495, 'Univerzitet Alfa', 'Filmska i TV montaža', 'UAFTM', 'UM', NULL, '0'),
(496, 'Univerzitet Alfa', 'Gluma', 'UAGLU', 'UM', NULL, '0'),
(497, 'Univerzitet Alfa', 'Dramaturgija', 'UADRA', 'UM', NULL, '0'),
(498, 'Univerzitet Alfa', 'Dizajn zvuka i muzička produkcija', 'UADZMP', 'UM', NULL, '0'),
(499, 'Univerzitet Alfa', 'Filmska režija', 'UAFIR', 'UM', NULL, '0'),
(500, 'Univerzitet Alfa', 'Menadžment u sportu', 'UAMUS', '', NULL, '0'),
(501, 'Univerzitet Alfa', 'Anglistika', 'UAANG', 'DH', NULL, '0'),
(502, 'Univerzitet Alfa', 'Pravo', 'UAPRA', 'DH', NULL, '0'),
(503, 'Univerzitet Alfa', 'Inženjerski menadžment', 'UAINM', 'TT', NULL, '0'),
(504, 'Evropski univerzitet', 'Inženjerski menadžment', 'EUINM', 'TT', NULL, '0'),
(505, 'Evropski univerzitet', 'Evropski biznis i marketing', 'EUEBM', 'DH', NULL, '0'),
(506, 'Evropski univerzitet', 'Vizuelna umetnost', 'EUVU', 'UM', NULL, '0'),
(507, 'Evropski univerzitet', 'Dramska umetnost - Režija', 'EUDU', 'UM', NULL, '0'),
(508, 'Akademija lepih umetnosti', 'Dizajn', 'ALUDIZ', 'UM', NULL, '0'),
(509, 'Akademija lepih umetnosti', 'Likovne umetnosti', 'ALULIU', 'UM', NULL, '0'),
(510, 'Akademija lepih umetnosti', 'Dramske umetnosti', 'ALUDRU', 'UM', NULL, '0'),
(511, 'Univerzitet u Novom Pazaru', 'Pravo', 'UNPPRA', 'DH', NULL, '0'),
(512, 'Kriminalističko-policijska akademija', 'OA Kriminalističke i pol bezbednosne studije', 'KPAOAKP', 'DH', NULL, '0'),
(513, 'Visoka škola za poslovnu ekonomiju i preduzetništvo', 'Poslovna ekonomija i preduzetništvo', 'VSPEPPEP', 'DH', NULL, '0'),
(514, 'Visoka škola akademije za diplomatiju i bezbednost', 'Diplomatija i bezbednost', 'VSADBDIB', 'DH', NULL, '0'),
(515, 'Visoka škola Srpske pravoslavne crkve za umetnost i konzervaciju', 'Crkvene umetnosti', 'VSSPCCU', 'UM', NULL, '0'),
(516, 'Tehnikum Taurunum visoka inženjerska škola strukovnih studija', 'Mašinstvo, saobraćaj, zaštita na radu', 'TTVISS', 'TT', NULL, '0'),
(517, 'Visoka škola elektrotehnike i računarstva strukovnih studija', 'Elektrotehnika, nove računarske tehnologije, audio video tehnologije', 'VISER', 'TT', NULL, '0'),
(518, 'Visoka tehnička škola u Novom Beogradu', 'Industrijsko inženjerstvo i mašinski sistemi', 'VTS', 'TT', NULL, '0'),
(519, 'Visoka železnička škola strukovnih studija', 'Svi', 'VZS', 'TT', NULL, '0'),
(520, 'Visoka škola strukovnih studija za informacione i komunikacione tehnologije', 'Telekomunikacije i internet tehnologije', 'VSIKT', 'TT', NULL, '0'),
(521, 'Visoka građevinsko-geodetska škola strukovnih studija', 'Geodezija i arhitektura', 'VGGS', 'TT', NULL, '0'),
(522, 'Visoka tekstilna strukovna škola za dizajn tehnologiju i menadžment', 'Dizajn tehnologija menadžment u tekstilnoj industriji', 'VTSDTM', 'TT', NULL, '0'),
(523, 'Visoka škola strukovnih studija - Beogradska politehnika', 'Politehnička', 'BEGPOLI', 'TT', NULL, '0'),
(524, 'Visoka tehnička škola strukovnih studija - Subotica', 'SVI', 'VTSSS', 'TT', NULL, '0'),
(525, 'Visoka tehnička škola strukovnih studija - Novi Sad', 'Svi', 'VTSNS', 'TT', NULL, '0'),
(526, 'Visoka tehnička škola strukovnih studija - Zrenjanin', 'Svi', 'VTSZR', 'TT', NULL, '0'),
(527, 'Visoka tehnološka škola - Aranđelovac', 'Svi', 'VTSAR', 'TT', NULL, '0'),
(528, 'Visoka poljoprivredna škola strukovnih studija - Šabac', 'Svi', 'VPSSS', 'TT', NULL, '0'),
(529, 'Visoka tehnološka škola - Šabac', 'Svi', 'VTSSA', 'TT', NULL, '0'),
(530, 'Visoka tehnička škola strukovnih studija - Požarevac', 'Svi', 'VTSPO', 'TT', NULL, '0'),
(531, 'Visoka škola tehničkih strukovnih studija - Čačak', 'Svi', 'VSTCA', 'TT', NULL, '0'),
(532, 'Visoka tehnička škola strukovnih studija - Kragujevac', 'Svi', 'VTSKG', 'TT', NULL, '0'),
(533, 'Visoka hemijsko tehnička škola strukovnih studija - Kruševac', 'Svi', 'VHTKS', 'TT', NULL, '0'),
(534, 'Visoka tehničko-mašinska škola strukovnih studija - Trstenik', 'Svi', 'VTMSTS', 'TT', NULL, '0'),
(535, 'Visoka poslovno tehnička škola strukovnih studija u Užicu', 'Svi', 'VPTSUE', 'TT', NULL, '0'),
(536, 'Visoka tehnička škola strukovnih studija', 'Sve', 'VTSNI', 'TT', NULL, '0'),
(537, 'Visoka strukovna škola za tekstil - Leskovac', 'Sve', 'VSSTLE', 'TT', NULL, '0'),
(538, 'Visoka škola primenjenih strukovnih studija - Vranje', 'Sve', 'VSPSVR', 'TT', NULL, '0'),
(539, 'Visoka poljoprivredno-prehrambena škola strukovnih studija - Prokuplje', 'Sve', 'VPPSPK', 'TT', NULL, '0'),
(540, 'Visoka tehnička škola strukovnih studija - Zvečan', 'Sve', 'VTSZV', 'TT', NULL, '0'),
(541, 'Visoka škola strukovnih studija za informacione tehnologije - Zemun', 'Sve', 'VSSITZEM', 'TT', NULL, '0'),
(542, 'Visoka strukovna turistička škola - Novi Beograd', 'Ekonomija i turizam', 'VSTSNBG', 'DH', NULL, '0'),
(543, 'Beogradska poslovna škola ', 'Sve', 'BPSBG', 'DH', NULL, '0'),
(544, 'Visoka poslovna škola strukovnih studija', 'Sve', 'VPSSNS', 'DH', NULL, '0'),
(545, 'Visoka poslovna škola - Valjevo', 'Svi', 'VPSVA', 'DH', NULL, '0'),
(546, 'Visoka poslovna škola strukovnih studija - Leskovac', 'Sve', 'VPSSLE', 'DH', NULL, '0'),
(547, 'Visoka poslovna škola strukovnih studija - Priština', 'Sve', 'VPSSPR', 'DH', NULL, '0'),
(548, 'Visoka ekonomska škola strukovnih studija u Peći', 'Sve', 'VESSPE', 'DH', NULL, '0'),
(549, 'Visoka hotelijerska škola strukovnih studija - Beograd', 'Sve', 'VHSSBG', 'DH', NULL, '0'),
(550, 'Visoka škola strukovnih studija za vaspitače u Kruševcu', 'Sve', 'VSSVKS', 'DH', NULL, '0'),
(551, 'Visoka škola strukovnih studija za obrazovanje vaspitača u Pirotu', 'Sve', 'VSOVPI', 'DH', NULL, '0'),
(552, 'Visoka škola strukovnih studija za obrazovanje vaspitača - Kikinda', 'Sve', 'VSOPKI', 'DH', NULL, '0'),
(553, 'Visoka škola strukovnih studija za vaspitače - Šabac', 'Sve', 'VSSVSA', 'DH', NULL, '0'),
(554, 'Visoka škola strkovnih studija za vaspitače i poslovne informatičare - Sirmijum', 'Sve', 'VSSVPISM', 'DH', NULL, '0'),
(555, 'Visoka škola za obrazovanje vaspitača i trenera - Subotica', 'Sve', 'VSOVTSU', 'DH', NULL, '0');
INSERT INTO `colleges` (`id`, `title`, `programme`, `abbrevation`, `area`, `description`, `interest`) VALUES
(556, 'Visoka škola strukovnih studija za obrazovanje vaspitača - Vršac', 'Sve', 'VSOVVS', 'DH', NULL, '0'),
(557, 'Visoka škola za menadžment i biznis - Zaječar', 'Sve', 'VSMBZA', 'DH', NULL, '0'),
(558, 'Visoka škola Megatrend u Beogradu', 'Poslovne studije', 'VSMGPSBG', 'DH', NULL, '0'),
(559, 'Visoka škola za poslovne studije Sremski Karlovci', 'Sve', 'VSPSSK', 'DH', NULL, '0'),
(560, 'Visoka strukovna škola za preduzetništvo - Beograd', 'Sve', 'VSSPBG', 'DH', NULL, '0'),
(561, 'Visoka škola strukovnih studija za menadžment u saobraćaju - Niš', 'Sve', 'VSMSNI', 'DH', NULL, '0'),
(562, 'Visoka poslovna škola strukovnih studija - Čačak', 'Sve', 'VSPSCA', 'DH', NULL, '0'),
(563, 'Visoka škola strukovnih studija za projektni menadžment - Beograd', 'Svi', 'VSPMBG', 'DH', NULL, '0'),
(564, 'Visoka škola strukovnih studija za ekonomiju i upravu', 'Sve', 'VSEUBG', 'DH', NULL, '0'),
(565, 'Visoka škola strukovnih studija za poslovno industrijski menadžment - Kruševac', 'Sve', 'VSPIMKS', 'DH', NULL, '0'),
(566, 'Visoka zdravstvena škola strukovnih studjia', 'Sve', 'VZSZEM', 'MD', NULL, '0'),
(567, 'Visoka medicinska škola strukovnih studija - Ćuprija', 'Sve', 'VMSCU', 'MD', NULL, '0'),
(568, 'Visoka sportska i zdravstvena škola strukovnih studija - Beograd', 'Sve', 'VSZSBG', 'DH', NULL, '0'),
(569, 'Visoka škola - Akademija fudbala Beograd', 'Sve', 'AFB', 'DH', NULL, '0'),
(570, 'Visoka zdravstveno sanitarna škola - Beograd', 'Sve', 'VISAN', 'MD', NULL, '0'),
(571, 'Visoka medicinska škola Milutin Milanković - Beograd', 'Sve', 'VMSMMBG', 'MD', NULL, '0'),
(572, 'Visoka škola za košarku Borislav Stanković ', 'Strukovne studije za košarku', 'VSKBSBG', 'DH', NULL, '0'),
(573, 'Sportska akademija - Beograd', 'Sportski trener', 'SABGST', 'DH', NULL, '0'),
(574, 'Visoka škola likovnih i primenjenih umetnosti strukovnih studija - Beograd', 'Likovna kultura', 'VSLPUBG', 'UM', NULL, '0');

-- --------------------------------------------------------

--
-- Table structure for table `colleges_general`
--

CREATE TABLE IF NOT EXISTS `colleges_general` (
  `id` int(11) NOT NULL AUTO_INCREMENT,
  `title` varchar(255) NOT NULL,
  `abbrevation` varchar(255) NOT NULL,
  `area` varchar(255) NOT NULL,
  `web` varchar(255) DEFAULT NULL,
  PRIMARY KEY (`id`)
) ENGINE=InnoDB  DEFAULT CHARSET=utf8 AUTO_INCREMENT=5 ;

--
-- Dumping data for table `colleges_general`
--

INSERT INTO `colleges_general` (`id`, `title`, `abbrevation`, `area`, `web`) VALUES
(1, 'Arhitektonski fakultet - Univerzitet u Beogradu', 'BUARH', 'TT', 'http://www.arh.bg.ac.rs/'),
(2, 'Građevinski fakultet', 'BUGRF', 'TT', 'http://www.grf.bg.ac.rs/home'),
(3, 'Ekonomski fakultet - Univerzitet u Beogradu', 'BUEKOF', 'DH', 'http://www.ekof.bg.ac.rs/'),
(4, 'Fizički fakultet - Univerzitet u Beogradu', 'BUFF', 'PM', 'http://www.ff.bg.ac.rs/');

-- --------------------------------------------------------

--
-- Table structure for table `municipalities`
--

CREATE TABLE IF NOT EXISTS `municipalities` (
  `id` int(11) NOT NULL AUTO_INCREMENT,
  `title` varchar(255) NOT NULL,
  `area_id` int(11) NOT NULL,
  `info` text,
  `created_at` datetime NOT NULL,
  `updated_at` datetime NOT NULL,
  `deleted_at` datetime DEFAULT NULL,
  PRIMARY KEY (`id`)
) ENGINE=InnoDB  DEFAULT CHARSET=utf8 AUTO_INCREMENT=199 ;

--
-- Dumping data for table `municipalities`
--

INSERT INTO `municipalities` (`id`, `title`, `area_id`, `info`, `created_at`, `updated_at`, `deleted_at`) VALUES
(1, 'Ada', 3, '', '0000-00-00 00:00:00', '0000-00-00 00:00:00', NULL),
(2, 'Aleksandrovac', 19, '', '0000-00-00 00:00:00', '0000-00-00 00:00:00', NULL),
(3, 'Aleksinac', 20, '', '0000-00-00 00:00:00', '0000-00-00 00:00:00', NULL),
(4, 'Alibunar', 4, '', '0000-00-00 00:00:00', '0000-00-00 00:00:00', NULL),
(5, 'Apatin', 5, '', '0000-00-00 00:00:00', '0000-00-00 00:00:00', NULL),
(6, 'Aranđelovac', 12, '', '0000-00-00 00:00:00', '0000-00-00 00:00:00', NULL),
(7, 'Arilje', 16, '', '0000-00-00 00:00:00', '0000-00-00 00:00:00', NULL),
(8, 'Babušnica', 22, '', '0000-00-00 00:00:00', '0000-00-00 00:00:00', NULL),
(9, 'Bajina Bašta', 16, '', '0000-00-00 00:00:00', '0000-00-00 00:00:00', NULL),
(10, 'Batočina', 12, '', '0000-00-00 00:00:00', '0000-00-00 00:00:00', NULL),
(11, 'Bač', 6, '', '0000-00-00 00:00:00', '0000-00-00 00:00:00', NULL),
(12, 'Bačka Palanka', 6, '', '0000-00-00 00:00:00', '0000-00-00 00:00:00', NULL),
(13, 'Bačka Topola', 1, '', '0000-00-00 00:00:00', '0000-00-00 00:00:00', NULL),
(14, 'Bački Petrovac', 6, '', '0000-00-00 00:00:00', '0000-00-00 00:00:00', NULL),
(15, 'Bela Palanka', 22, '', '0000-00-00 00:00:00', '0000-00-00 00:00:00', NULL),
(16, 'Bela Crkva', 4, '', '0000-00-00 00:00:00', '0000-00-00 00:00:00', NULL),
(17, 'Beograd – Barajevo', 30, '', '0000-00-00 00:00:00', '0000-00-00 00:00:00', NULL),
(18, 'Beograd – Voždovac', 30, '', '0000-00-00 00:00:00', '0000-00-00 00:00:00', NULL),
(19, 'Beograd – Vračar', 30, '', '0000-00-00 00:00:00', '0000-00-00 00:00:00', NULL),
(20, 'Beograd – Grocka', 30, '', '0000-00-00 00:00:00', '0000-00-00 00:00:00', NULL),
(21, 'Beograd – Zvezdara', 30, '', '0000-00-00 00:00:00', '0000-00-00 00:00:00', NULL),
(22, 'Beograd – Zemun', 30, '', '0000-00-00 00:00:00', '0000-00-00 00:00:00', NULL),
(23, 'Beograd – Lazarevac', 30, '', '0000-00-00 00:00:00', '0000-00-00 00:00:00', NULL),
(24, 'Beograd – Mladenovac', 30, '', '0000-00-00 00:00:00', '0000-00-00 00:00:00', NULL),
(25, 'Beograd – Novi Beograd', 30, '', '0000-00-00 00:00:00', '0000-00-00 00:00:00', NULL),
(26, 'Beograd – Obrenovac', 30, '', '0000-00-00 00:00:00', '0000-00-00 00:00:00', NULL),
(27, 'Beograd – Palilula', 30, '', '0000-00-00 00:00:00', '0000-00-00 00:00:00', NULL),
(28, 'Beograd – Rakovica', 30, '', '0000-00-00 00:00:00', '0000-00-00 00:00:00', NULL),
(29, 'Beograd – Savski venac', 30, '', '0000-00-00 00:00:00', '0000-00-00 00:00:00', NULL),
(30, 'Beograd – Sopot', 30, '', '0000-00-00 00:00:00', '0000-00-00 00:00:00', NULL),
(31, 'Beograd – Stari grad', 30, '', '0000-00-00 00:00:00', '0000-00-00 00:00:00', NULL),
(32, 'Beograd – Surčin', 30, '', '0000-00-00 00:00:00', '0000-00-00 00:00:00', NULL),
(33, 'Beograd – čukarica', 30, '', '0000-00-00 00:00:00', '0000-00-00 00:00:00', NULL),
(34, 'Beočin', 6, '', '0000-00-00 00:00:00', '0000-00-00 00:00:00', NULL),
(35, 'Bečej', 6, '', '0000-00-00 00:00:00', '0000-00-00 00:00:00', NULL),
(36, 'Blace', 21, '', '0000-00-00 00:00:00', '0000-00-00 00:00:00', NULL),
(37, 'Bogatić', 8, '', '0000-00-00 00:00:00', '0000-00-00 00:00:00', NULL),
(38, 'Bojnik', 23, '', '0000-00-00 00:00:00', '0000-00-00 00:00:00', NULL),
(39, 'Boljevac', 15, '', '0000-00-00 00:00:00', '0000-00-00 00:00:00', NULL),
(40, 'Bor', 14, '', '0000-00-00 00:00:00', '0000-00-00 00:00:00', NULL),
(41, 'Bosilegrad', 24, '', '0000-00-00 00:00:00', '0000-00-00 00:00:00', NULL),
(42, 'Brus', 19, '', '0000-00-00 00:00:00', '0000-00-00 00:00:00', NULL),
(43, 'Bujanovac', 24, '', '0000-00-00 00:00:00', '0000-00-00 00:00:00', NULL),
(44, 'Valjevo – grad', 9, '', '0000-00-00 00:00:00', '0000-00-00 00:00:00', NULL),
(45, 'Varvarin', 19, '', '0000-00-00 00:00:00', '0000-00-00 00:00:00', NULL),
(46, 'Velika Plana', 10, '', '0000-00-00 00:00:00', '0000-00-00 00:00:00', NULL),
(47, 'Veliko Gradište', 11, '', '0000-00-00 00:00:00', '0000-00-00 00:00:00', NULL),
(48, 'Vitina', 29, '', '0000-00-00 00:00:00', '0000-00-00 00:00:00', NULL),
(49, 'Vladimirci', 8, '', '0000-00-00 00:00:00', '0000-00-00 00:00:00', NULL),
(50, 'Vladičin Han', 24, '', '0000-00-00 00:00:00', '0000-00-00 00:00:00', NULL),
(51, 'Vlasotince', 23, '', '0000-00-00 00:00:00', '0000-00-00 00:00:00', NULL),
(52, 'Vranje – Vranje', 24, '', '0000-00-00 00:00:00', '0000-00-00 00:00:00', NULL),
(53, 'Vranje – Vranjska Banja', 24, '', '0000-00-00 00:00:00', '0000-00-00 00:00:00', NULL),
(54, 'Vrbas', 6, '', '0000-00-00 00:00:00', '0000-00-00 00:00:00', NULL),
(55, 'Vrnjačka Banja', 18, '', '0000-00-00 00:00:00', '0000-00-00 00:00:00', NULL),
(56, 'Vršac', 4, '', '0000-00-00 00:00:00', '0000-00-00 00:00:00', NULL),
(57, 'Vučitrn', 28, '', '0000-00-00 00:00:00', '0000-00-00 00:00:00', NULL),
(58, 'Gadžin Han', 20, '', '0000-00-00 00:00:00', '0000-00-00 00:00:00', NULL),
(59, 'Glogovac', 25, '', '0000-00-00 00:00:00', '0000-00-00 00:00:00', NULL),
(60, 'Gnjilane', 29, '', '0000-00-00 00:00:00', '0000-00-00 00:00:00', NULL),
(61, 'Golubac', 11, '', '0000-00-00 00:00:00', '0000-00-00 00:00:00', NULL),
(62, 'Gora', 27, '', '0000-00-00 00:00:00', '0000-00-00 00:00:00', NULL),
(63, 'Gornji Milanovac', 17, '', '0000-00-00 00:00:00', '0000-00-00 00:00:00', NULL),
(64, 'Despotovac', 13, '', '0000-00-00 00:00:00', '0000-00-00 00:00:00', NULL),
(65, 'Dečani', 26, '', '0000-00-00 00:00:00', '0000-00-00 00:00:00', NULL),
(66, 'Dimitrovgrad', 22, '', '0000-00-00 00:00:00', '0000-00-00 00:00:00', NULL),
(67, 'Doljevac', 20, '', '0000-00-00 00:00:00', '0000-00-00 00:00:00', NULL),
(68, 'Đakovica', 26, '', '0000-00-00 00:00:00', '0000-00-00 00:00:00', NULL),
(69, 'Žabalj', 6, '', '0000-00-00 00:00:00', '0000-00-00 00:00:00', NULL),
(70, 'Žabari', 11, '', '0000-00-00 00:00:00', '0000-00-00 00:00:00', NULL),
(71, 'Žagubica', 11, '', '0000-00-00 00:00:00', '0000-00-00 00:00:00', NULL),
(72, 'Žitište', 2, '', '0000-00-00 00:00:00', '0000-00-00 00:00:00', NULL),
(73, 'Žitorađa', 21, '', '0000-00-00 00:00:00', '0000-00-00 00:00:00', NULL),
(74, 'Zaječar – grad', 15, '', '0000-00-00 00:00:00', '0000-00-00 00:00:00', NULL),
(75, 'Zvečan', 28, '', '0000-00-00 00:00:00', '0000-00-00 00:00:00', NULL),
(76, 'Zrenjanin – grad', 2, '', '0000-00-00 00:00:00', '0000-00-00 00:00:00', NULL),
(77, 'Zubin Potok', 28, '', '0000-00-00 00:00:00', '0000-00-00 00:00:00', NULL),
(78, 'Ivanjica', 17, '', '0000-00-00 00:00:00', '0000-00-00 00:00:00', NULL),
(79, 'Inđija', 7, '', '0000-00-00 00:00:00', '0000-00-00 00:00:00', NULL),
(80, 'Irig', 7, '', '0000-00-00 00:00:00', '0000-00-00 00:00:00', NULL),
(81, 'Istok', 26, '', '0000-00-00 00:00:00', '0000-00-00 00:00:00', NULL),
(82, 'Jagodina – grad', 13, '', '0000-00-00 00:00:00', '0000-00-00 00:00:00', NULL),
(83, 'Kanjiža', 3, '', '0000-00-00 00:00:00', '0000-00-00 00:00:00', NULL),
(84, 'Kačanik', 25, '', '0000-00-00 00:00:00', '0000-00-00 00:00:00', NULL),
(85, 'Kikinda', 3, '', '0000-00-00 00:00:00', '0000-00-00 00:00:00', NULL),
(86, 'Kladovo', 14, '', '0000-00-00 00:00:00', '0000-00-00 00:00:00', NULL),
(87, 'Klina', 26, '', '0000-00-00 00:00:00', '0000-00-00 00:00:00', NULL),
(88, 'Knić', 12, '', '0000-00-00 00:00:00', '0000-00-00 00:00:00', NULL),
(89, 'Knjaževac', 15, '', '0000-00-00 00:00:00', '0000-00-00 00:00:00', NULL),
(90, 'Kovačica', 4, '', '0000-00-00 00:00:00', '0000-00-00 00:00:00', NULL),
(91, 'Kovin', 4, '', '0000-00-00 00:00:00', '0000-00-00 00:00:00', NULL),
(92, 'Kosjerić', 16, '', '0000-00-00 00:00:00', '0000-00-00 00:00:00', NULL),
(93, 'Kosovo Polje', 25, '', '0000-00-00 00:00:00', '0000-00-00 00:00:00', NULL),
(94, 'Kosovska Kamenica', 29, '', '0000-00-00 00:00:00', '0000-00-00 00:00:00', NULL),
(95, 'Kosovska Mitrovica', 28, '', '0000-00-00 00:00:00', '0000-00-00 00:00:00', NULL),
(96, 'Koceljeva', 8, '', '0000-00-00 00:00:00', '0000-00-00 00:00:00', NULL),
(97, 'Kragujevac – grad', 12, '', '0000-00-00 00:00:00', '0000-00-00 00:00:00', NULL),
(98, 'Kraljevo – grad', 18, '', '0000-00-00 00:00:00', '0000-00-00 00:00:00', NULL),
(99, 'Krupanj', 8, '', '0000-00-00 00:00:00', '0000-00-00 00:00:00', NULL),
(100, 'Kruševac – grad', 19, '', '0000-00-00 00:00:00', '0000-00-00 00:00:00', NULL),
(101, 'Kula', 5, '', '0000-00-00 00:00:00', '0000-00-00 00:00:00', NULL),
(102, 'Kuršumlija', 21, '', '0000-00-00 00:00:00', '0000-00-00 00:00:00', NULL),
(103, 'Ku?evo', 11, '', '0000-00-00 00:00:00', '0000-00-00 00:00:00', NULL),
(104, 'Lajkovac', 9, '', '0000-00-00 00:00:00', '0000-00-00 00:00:00', NULL),
(105, 'Lapovo', 12, '', '0000-00-00 00:00:00', '0000-00-00 00:00:00', NULL),
(106, 'Lebane', 23, '', '0000-00-00 00:00:00', '0000-00-00 00:00:00', NULL),
(107, 'Leposavić', 28, '', '0000-00-00 00:00:00', '0000-00-00 00:00:00', NULL),
(108, 'Leskovac – grad', 23, '', '0000-00-00 00:00:00', '0000-00-00 00:00:00', NULL),
(109, 'Lipljan', 25, '', '0000-00-00 00:00:00', '0000-00-00 00:00:00', NULL),
(110, 'Loznica – grad', 8, '', '0000-00-00 00:00:00', '0000-00-00 00:00:00', NULL),
(111, 'Lučani', 17, '', '0000-00-00 00:00:00', '0000-00-00 00:00:00', NULL),
(112, 'Ljig', 9, '', '0000-00-00 00:00:00', '0000-00-00 00:00:00', NULL),
(113, 'Ljubovija', 8, '', '0000-00-00 00:00:00', '0000-00-00 00:00:00', NULL),
(114, 'Majdanpek', 14, '', '0000-00-00 00:00:00', '0000-00-00 00:00:00', NULL),
(115, 'Mali Zvornik', 8, '', '0000-00-00 00:00:00', '0000-00-00 00:00:00', NULL),
(116, 'Mali Iđoš', 1, '', '0000-00-00 00:00:00', '0000-00-00 00:00:00', NULL),
(117, 'Malo Crniće', 11, '', '0000-00-00 00:00:00', '0000-00-00 00:00:00', NULL),
(118, 'Medveđa', 23, '', '0000-00-00 00:00:00', '0000-00-00 00:00:00', NULL),
(119, 'Merošina', 20, '', '0000-00-00 00:00:00', '0000-00-00 00:00:00', NULL),
(120, 'Mionica', 9, '', '0000-00-00 00:00:00', '0000-00-00 00:00:00', NULL),
(121, 'Negotin', 14, '', '0000-00-00 00:00:00', '0000-00-00 00:00:00', NULL),
(122, 'Niš – Medijana', 20, '', '0000-00-00 00:00:00', '0000-00-00 00:00:00', NULL),
(123, 'Niš – Niška Banja', 20, '', '0000-00-00 00:00:00', '0000-00-00 00:00:00', NULL),
(124, 'Niš – Palilula', 20, '', '0000-00-00 00:00:00', '0000-00-00 00:00:00', NULL),
(125, 'Niš – Pantelej', 20, '', '0000-00-00 00:00:00', '0000-00-00 00:00:00', NULL),
(126, 'Niš – Crveni krst', 20, '', '0000-00-00 00:00:00', '0000-00-00 00:00:00', NULL),
(127, 'Nova Varoš', 16, '', '0000-00-00 00:00:00', '0000-00-00 00:00:00', NULL),
(128, 'Nova Crnja', 2, '', '0000-00-00 00:00:00', '0000-00-00 00:00:00', NULL),
(129, 'Novi Bečej', 2, '', '0000-00-00 00:00:00', '0000-00-00 00:00:00', NULL),
(130, 'Novi Kneževac', 3, '', '0000-00-00 00:00:00', '0000-00-00 00:00:00', NULL),
(131, 'Novi Pazar – grad', 18, '', '0000-00-00 00:00:00', '0000-00-00 00:00:00', NULL),
(132, 'Novi Sad – Novi Sad', 6, '', '0000-00-00 00:00:00', '0000-00-00 00:00:00', NULL),
(133, 'Novi Sad – Petrovaradin', 6, '', '0000-00-00 00:00:00', '0000-00-00 00:00:00', NULL),
(134, 'Novo Brdo', 29, '', '0000-00-00 00:00:00', '0000-00-00 00:00:00', NULL),
(135, 'Obilić', 25, '', '0000-00-00 00:00:00', '0000-00-00 00:00:00', NULL),
(136, 'Opovo', 4, '', '0000-00-00 00:00:00', '0000-00-00 00:00:00', NULL),
(137, 'Orahovac', 27, '', '0000-00-00 00:00:00', '0000-00-00 00:00:00', NULL),
(138, 'Osečina', 9, '', '0000-00-00 00:00:00', '0000-00-00 00:00:00', NULL),
(139, 'Odžaci', 5, '', '0000-00-00 00:00:00', '0000-00-00 00:00:00', NULL),
(140, 'Pančevo – grad', 4, '', '0000-00-00 00:00:00', '0000-00-00 00:00:00', NULL),
(141, 'Paraćin', 13, '', '0000-00-00 00:00:00', '0000-00-00 00:00:00', NULL),
(142, 'Petrovac', 11, '', '0000-00-00 00:00:00', '0000-00-00 00:00:00', NULL),
(143, 'Peć', 26, '', '0000-00-00 00:00:00', '0000-00-00 00:00:00', NULL),
(144, 'Pećinci', 7, '', '0000-00-00 00:00:00', '0000-00-00 00:00:00', NULL),
(145, 'Pirot', 22, '', '0000-00-00 00:00:00', '0000-00-00 00:00:00', NULL),
(146, 'Plandište', 4, '', '0000-00-00 00:00:00', '0000-00-00 00:00:00', NULL),
(147, 'Podujevo', 25, '', '0000-00-00 00:00:00', '0000-00-00 00:00:00', NULL),
(148, 'Požarevac – Kostolac', 11, '', '0000-00-00 00:00:00', '0000-00-00 00:00:00', NULL),
(149, 'Požarevac – Požarevac', 11, '', '0000-00-00 00:00:00', '0000-00-00 00:00:00', NULL),
(150, 'Požega', 16, '', '0000-00-00 00:00:00', '0000-00-00 00:00:00', NULL),
(151, 'Preševo', 24, '', '0000-00-00 00:00:00', '0000-00-00 00:00:00', NULL),
(152, 'Priboj', 16, '', '0000-00-00 00:00:00', '0000-00-00 00:00:00', NULL),
(153, 'Prizren', 27, '', '0000-00-00 00:00:00', '0000-00-00 00:00:00', NULL),
(154, 'Prijepolje', 16, '', '0000-00-00 00:00:00', '0000-00-00 00:00:00', NULL),
(155, 'Priština – grad', 25, '', '0000-00-00 00:00:00', '0000-00-00 00:00:00', NULL),
(156, 'Prokuplje', 21, '', '0000-00-00 00:00:00', '0000-00-00 00:00:00', NULL),
(157, 'Ražanj', 20, '', '0000-00-00 00:00:00', '0000-00-00 00:00:00', NULL),
(158, 'Rača', 12, '', '0000-00-00 00:00:00', '0000-00-00 00:00:00', NULL),
(159, 'Raška', 18, '', '0000-00-00 00:00:00', '0000-00-00 00:00:00', NULL),
(160, 'Rekovac', 13, '', '0000-00-00 00:00:00', '0000-00-00 00:00:00', NULL),
(161, 'Ruma', 7, '', '0000-00-00 00:00:00', '0000-00-00 00:00:00', NULL),
(162, 'Svilajnac', 13, '', '0000-00-00 00:00:00', '0000-00-00 00:00:00', NULL),
(163, 'Svrljig', 20, '', '0000-00-00 00:00:00', '0000-00-00 00:00:00', NULL),
(164, 'Senta', 3, '', '0000-00-00 00:00:00', '0000-00-00 00:00:00', NULL),
(165, 'Sečanj', 2, '', '0000-00-00 00:00:00', '0000-00-00 00:00:00', NULL),
(166, 'Sjenica', 16, '', '0000-00-00 00:00:00', '0000-00-00 00:00:00', NULL),
(167, 'Smederevo – grad', 10, '', '0000-00-00 00:00:00', '0000-00-00 00:00:00', NULL),
(168, 'Smederevska Palanka', 10, '', '0000-00-00 00:00:00', '0000-00-00 00:00:00', NULL),
(169, 'Sokobanja', 15, '', '0000-00-00 00:00:00', '0000-00-00 00:00:00', NULL),
(170, 'Sombor – grad', 5, '', '0000-00-00 00:00:00', '0000-00-00 00:00:00', NULL),
(171, 'Srbica', 28, '', '0000-00-00 00:00:00', '0000-00-00 00:00:00', NULL),
(172, 'Srbobran', 6, '', '0000-00-00 00:00:00', '0000-00-00 00:00:00', NULL),
(173, 'Sremska Mitrovica – grad', 7, '', '0000-00-00 00:00:00', '0000-00-00 00:00:00', NULL),
(174, 'Sremski Karlovci', 6, '', '0000-00-00 00:00:00', '0000-00-00 00:00:00', NULL),
(175, 'Stara Pazova', 7, '', '0000-00-00 00:00:00', '0000-00-00 00:00:00', NULL),
(176, 'Subotica – grad', 1, '', '0000-00-00 00:00:00', '0000-00-00 00:00:00', NULL),
(177, 'Suva Reka', 27, '', '0000-00-00 00:00:00', '0000-00-00 00:00:00', NULL),
(178, 'Surdulica', 24, '', '0000-00-00 00:00:00', '0000-00-00 00:00:00', NULL),
(179, 'Temerin', 6, '', '0000-00-00 00:00:00', '0000-00-00 00:00:00', NULL),
(180, 'Titel', 6, '', '0000-00-00 00:00:00', '0000-00-00 00:00:00', NULL),
(181, 'Topola', 12, '', '0000-00-00 00:00:00', '0000-00-00 00:00:00', NULL),
(182, 'Trgovište', 24, '', '0000-00-00 00:00:00', '0000-00-00 00:00:00', NULL),
(183, 'Trstenik', 19, '', '0000-00-00 00:00:00', '0000-00-00 00:00:00', NULL),
(184, 'Tutin', 18, '', '0000-00-00 00:00:00', '0000-00-00 00:00:00', NULL),
(185, 'Ćićevac', 19, '', '0000-00-00 00:00:00', '0000-00-00 00:00:00', NULL),
(186, 'Ćuprija', 13, '', '0000-00-00 00:00:00', '0000-00-00 00:00:00', NULL),
(187, 'Ub', 9, '', '0000-00-00 00:00:00', '0000-00-00 00:00:00', NULL),
(188, 'Užice – grad', 16, '', '0000-00-00 00:00:00', '0000-00-00 00:00:00', NULL),
(189, 'Uroševac', 25, '', '0000-00-00 00:00:00', '0000-00-00 00:00:00', NULL),
(190, 'Crna Trava', 23, '', '0000-00-00 00:00:00', '0000-00-00 00:00:00', NULL),
(191, 'Čajetina', 16, '', '0000-00-00 00:00:00', '0000-00-00 00:00:00', NULL),
(192, 'Čačak – grad', 17, '', '0000-00-00 00:00:00', '0000-00-00 00:00:00', NULL),
(193, 'Čoka', 3, '', '0000-00-00 00:00:00', '0000-00-00 00:00:00', NULL),
(194, 'Šabac – grad', 8, '', '0000-00-00 00:00:00', '0000-00-00 00:00:00', NULL),
(195, 'Šid', 7, '', '0000-00-00 00:00:00', '0000-00-00 00:00:00', NULL),
(196, 'Štimlje', 25, '', '0000-00-00 00:00:00', '0000-00-00 00:00:00', NULL),
(197, 'Štrpce', 25, '', '0000-00-00 00:00:00', '0000-00-00 00:00:00', NULL),
(198, 'Grad Beograd', 30, ' ', '0000-00-00 00:00:00', '0000-00-00 00:00:00', NULL);

-- --------------------------------------------------------

--
-- Table structure for table `personality_type`
--

CREATE TABLE IF NOT EXISTS `personality_type` (
  `id` int(11) NOT NULL AUTO_INCREMENT,
  `type` varchar(255) NOT NULL,
  PRIMARY KEY (`id`)
) ENGINE=InnoDB  DEFAULT CHARSET=utf8 AUTO_INCREMENT=7 ;

--
-- Dumping data for table `personality_type`
--

INSERT INTO `personality_type` (`id`, `type`) VALUES
(1, 'Realistični'),
(2, 'Istraživački'),
(3, 'Umetnički'),
(4, 'Društveni'),
(5, 'Preduzetnički'),
(6, 'Konvencionalni');

-- --------------------------------------------------------

--
-- Table structure for table `questions`
--

CREATE TABLE IF NOT EXISTS `questions` (
  `id` int(11) NOT NULL AUTO_INCREMENT,
  `question` varchar(255) NOT NULL,
  `personality_type_id` int(11) DEFAULT NULL,
  `question_type_id` int(11) DEFAULT NULL,
  `priority` int(11) NOT NULL DEFAULT '0',
  `ponder` double DEFAULT NULL,
  PRIMARY KEY (`id`)
) ENGINE=InnoDB  DEFAULT CHARSET=utf8 AUTO_INCREMENT=171 ;

--
-- Dumping data for table `questions`
--

INSERT INTO `questions` (`id`, `question`, `personality_type_id`, `question_type_id`, `priority`, `ponder`) VALUES
(1, 'Da li ste praktični?', 1, NULL, 0, NULL),
(2, 'Da li ste atletski tip?', 1, NULL, 0, NULL),
(3, 'Da li ste otvoreni/iskreni?', 1, NULL, 0, NULL),
(4, 'Da li ste naklonjeni mehanici?', 1, NULL, 0, NULL),
(5, 'Da li ste ljubitelj prirode?', 1, NULL, 0, NULL),
(6, 'Da li upravljate mašinama i koristite alat?', 1, NULL, 0, NULL),
(7, 'Umete li da popravljate električne uređaje?', 1, NULL, 0, NULL),
(8, 'Umete li da rešavate mehanicke probleme?', 1, NULL, 0, NULL),
(9, 'Umete li da razapnete šator?', 1, NULL, 0, NULL),
(10, 'Umete li da igrate neki sport?', 1, NULL, 0, NULL),
(11, 'Umete li da protumačite gradjevinski ili mehanički nacrt?', 1, NULL, 0, NULL),
(12, 'Umete li da radite na kolima?', 1, NULL, 0, NULL),
(13, 'Volite li da petljate sa mehnikom?', 1, NULL, 0, NULL),
(14, 'Volite li da radite napolju?', 1, NULL, 0, NULL),
(15, 'Volite li da budete fizički aktivni?', 1, NULL, 0, NULL),
(16, 'Volite li da koristite svoje ruke?', 1, NULL, 0, NULL),
(17, 'Volite li da gradite?', 1, NULL, 0, NULL),
(18, 'Da li ste radoznali?', 2, NULL, 0, NULL),
(19, 'Da li ste analitični?', 2, NULL, 0, NULL),
(20, 'Da li ste orijentisani ka nauci?', 2, NULL, 0, NULL),
(21, 'Da li ste pažljivi?', 2, NULL, 0, NULL),
(22, 'Da li ste precizni?', 2, NULL, 0, NULL),
(23, 'Da li upravljate mašinama I koristite alat?', 2, NULL, 0, NULL),
(24, 'Umete li da razmišljate apstraktno?', 2, NULL, 0, NULL),
(25, 'Umete li da rešavate matematičke probleme?', 2, NULL, 0, NULL),
(26, 'Umete li da razumete fizičke teorije?', 2, NULL, 0, NULL),
(27, 'Umete li da radite složene proračune?', 2, NULL, 0, NULL),
(28, 'Umete li da koristite mikroskop?', 2, NULL, 0, NULL),
(29, 'Umete li da radite na kolima?', 2, NULL, 0, NULL),
(30, 'Umete li da analizirate podatke?', 2, NULL, 0, NULL),
(31, 'Volite li da istražujete nove ideje?', 2, NULL, 0, NULL),
(32, 'Volite li da koristite računare?', 2, NULL, 0, NULL),
(33, 'Volite li da radite samostalno?', 2, NULL, 0, NULL),
(34, 'Volite li da izvodite laboratorijske eksperimente?', 2, NULL, 0, NULL),
(35, 'Volite li da čitate naučne Ili tehničke časopise?', 2, NULL, 0, NULL),
(36, 'Da li ste kreativni?', 3, NULL, 0, NULL),
(37, 'Da li ste intuitivni?', 3, NULL, 0, NULL),
(38, 'Da li ste maštoviti?', 3, NULL, 0, NULL),
(39, 'Da li ste inovativni?', 3, NULL, 0, NULL),
(40, 'Da li ste inovativni?', 3, NULL, 0, NULL),
(41, 'Da li individualista?', 3, NULL, 0, NULL),
(42, 'Umete li da skicirate, crtate, slikate', 3, NULL, 0, NULL),
(43, 'Umete li da svirate neki muzički instrument?', 3, NULL, 0, NULL),
(44, 'Umete li da pišete priče, poeziju, muziku, pevate, glumite, plešete?', 3, NULL, 0, NULL),
(45, 'Umete li da dizajnirate modne odevne predmete ili enterijer?', 3, NULL, 0, NULL),
(46, 'Volite li da posećujete koncerte, pozorišta, izložbe?', 3, NULL, 0, NULL),
(47, 'Volite li da čitate romane, drame, poeziju?', 3, NULL, 0, NULL),
(48, 'Volite li da fotografišete?', 3, NULL, 0, NULL),
(49, 'Volite li da izrađujete rukotvorine?', 3, NULL, 0, NULL),
(50, 'Volite li da se izražavate kreativno?', 3, NULL, 0, NULL),
(51, 'Da li ste prijateljski raspolozeni prema drugima?', 4, NULL, 0, NULL),
(52, 'Da li ste skolni da pomažete drugima?', 4, NULL, 0, NULL),
(53, 'Da li ste idealista?', 4, NULL, 0, NULL),
(54, 'Da li ste pronicljivi?', 4, NULL, 0, NULL),
(55, 'Da li ste ekstrovertni?', 4, NULL, 0, NULL),
(56, 'Da li ste puni razumevanja?', 4, NULL, 0, NULL),
(57, 'Umete li da podučavate/obučavate druge?', 4, NULL, 0, NULL),
(58, 'Umete li da se izražavate jasno?', 4, NULL, 0, NULL),
(59, 'Umete li da vodite grupnu diskusiju?', 4, NULL, 0, NULL),
(60, 'Umete li da posredujete u prepirkama?', 4, NULL, 0, NULL),
(61, 'Umete li da planirate I nadzirete aktivnost?', 4, NULL, 0, NULL),
(62, 'Umete li da dobro sarađujete sa drugima?', 4, NULL, 0, NULL),
(63, 'Volite li da radite u grupama?', 4, NULL, 0, NULL),
(64, 'Volite li da pomažete ljudima koji imaju problem?', 4, NULL, 0, NULL),
(65, 'Volite li da učestvujete na sastancima?', 4, NULL, 0, NULL),
(66, 'Volite li da radite volonterski?', 4, NULL, 0, NULL),
(67, 'Volite li da radite sa mladima?', 4, NULL, 0, NULL),
(68, 'Volite li da igrate timske sportove?', 4, NULL, 0, NULL),
(69, 'Da li ste samouvereni?', 5, NULL, 0, NULL),
(70, 'Da li ste asertivni?', 5, NULL, 0, NULL),
(71, 'Da li ste druželjubivi?', 5, NULL, 0, NULL),
(72, 'Da li ste ubedljivi?', 5, NULL, 0, NULL),
(73, 'Da li ste entuzijasta?', 5, NULL, 0, NULL),
(74, 'Da li ste energicni?', 5, NULL, 0, NULL),
(75, 'Umete li da inicirate projekte?', 5, NULL, 0, NULL),
(76, 'Umete li da ubedite ljude da nešto urade onako kako vi želite?', 5, NULL, 0, NULL),
(77, 'Umete li da prodajete stvari Ili promovišete ideje', 5, NULL, 0, NULL),
(78, 'Umete li da držite govor?', 5, NULL, 0, NULL),
(79, 'Umete li da organziujete aktivnosti ili događaje?', 5, NULL, 0, NULL),
(80, 'Umete li da predvodite grupu?', 5, NULL, 0, NULL),
(81, 'Volite li da donosti odluke koje se tiču drugih?', 5, NULL, 0, NULL),
(82, 'Volite li da budete birani za neki položaj?', 5, NULL, 0, NULL),
(83, 'Volite li da dobijete nagradu za liderstvo ili prodaju?', 5, NULL, 0, NULL),
(84, 'Volite li da započinjete svoju politicku kampanju?', 5, NULL, 0, NULL),
(85, 'Volite li da se srećete sa važnim ljudima?', 5, NULL, 0, NULL),
(86, 'Da li ste sređeni, uredno obučeni?', 6, NULL, 0, NULL),
(87, 'Da li ste precizni?', 6, NULL, 0, NULL),
(88, 'Da li ste naklonjeni brojevima?', 6, NULL, 0, NULL),
(89, 'Da li ste metodični?', 6, NULL, 0, NULL),
(90, 'Da li ste savesni?', 6, NULL, 0, NULL),
(91, 'Da li ste efikasni?', 6, NULL, 0, NULL),
(92, 'Umete li da radite dobro u okviru nekog sistema?', 6, NULL, 0, NULL),
(93, 'Umete li da uradite mnogo papirologije za kratko vreme?', 6, NULL, 0, NULL),
(94, 'Umete li da vodite tačnu evidenciju?', 6, NULL, 0, NULL),
(95, 'Umete li da koristite kompjuterski terminal?', 6, NULL, 0, NULL),
(96, 'Umete li da pišete uspešna poslovna pisma?', 6, NULL, 0, NULL),
(97, 'Volite li da sledite jasno definisanu procedure?', 6, NULL, 0, NULL),
(98, 'Volite li da koristite opremu za obradu podataka?', 6, NULL, 0, NULL),
(99, 'Volite li da radite sa brojevima?', 6, NULL, 0, NULL),
(100, 'Volite li da kucate ili vodite stenografske beleške?', 6, NULL, 0, NULL),
(101, 'Volite li da budete zaduženi za detalje?', 6, NULL, 0, NULL),
(102, 'Kontrolisati dokumentaciju o finansijskom poslovanju preduzeća', NULL, 1, 1, NULL),
(103, 'Voditi poslovne knjige neke firme', NULL, 1, 14, NULL),
(104, 'Procenjivati vrednosti uvezene robe i određivati visinu carine i takse', NULL, 1, 27, NULL),
(105, 'Raditi administrativne poslove', NULL, 1, 40, NULL),
(106, 'Voditi zapisnike sa sastanaka', NULL, 1, 53, NULL),
(107, 'Obučavati ljude za korišćenje borbene opreme i naoružanja', NULL, 2, 2, NULL),
(108, 'Raditi na rasvetljavanju krivičnih dela', NULL, 2, 5, NULL),
(109, 'Razgovarati sa svedocima krivičnih dela radi prikupljanja podataka', NULL, 2, 28, NULL),
(110, 'Sakupljati dokaze o delatnosti organizovanih kriminalnih grupa', NULL, 2, 41, NULL),
(111, 'Oružano obezbeđivati važne objekte i lica', NULL, 2, 54, NULL),
(112, 'Crtati električne šeme', NULL, 3, 3, NULL),
(113, 'Montirati računarski sistem (hardver i softver)', NULL, 3, 16, NULL),
(114, 'Ispitivati elektrotehničke materijale', NULL, 3, 29, NULL),
(115, 'Učestvovati u proizvodnji električnih uređaja', NULL, 3, 42, NULL),
(116, 'Smišljati nove kompjuterske igrice', NULL, 3, 55, NULL),
(117, 'Praviti kompjuterske programe', NULL, 3, 66, NULL),
(118, 'Uređivati spoljašnje prostore (trgovi, ulice, bašte)', NULL, 4, 4, NULL),
(119, 'Urediti scenografiju u pozorištu', NULL, 4, 17, NULL),
(120, 'Dizajnirati reklamne postere i bilborde', NULL, 4, 30, NULL),
(121, 'Uređivati unutrašnji prostor (enterijer)', NULL, 4, 43, NULL),
(122, 'Dizajnirati vizelni izgled kućnih aparata', NULL, 4, 56, NULL),
(123, 'Režirati pozorišnu predstavu', NULL, 5, 5, NULL),
(124, 'Voditi TV emisiju o kulturi', NULL, 5, 18, NULL),
(125, 'Birati filmove za program filmskog festivala', NULL, 5, 31, NULL),
(126, 'Uređivati obrazovni program za decu na TV-u ili radiju', NULL, 5, 44, NULL),
(127, 'Baviti se umetinčkom fotografijom', NULL, 5, 57, NULL),
(128, 'Proučavati nacionalno kulturno nasleđe', NULL, 5, 67, NULL),
(129, 'Pisati scenario za TV emisiju', NULL, 6, 6, NULL),
(130, 'Vršiti izbor i prevođenje tekstova sa stranog jezika', NULL, 6, 19, NULL),
(131, 'Pisati slogane za reklame', NULL, 6, 32, NULL),
(132, 'Pisati tekstove o kvalitetu književnih dela', NULL, 6, 45, NULL),
(133, 'Prevoditi razgovore sa stranog jezika na srpski i obrnuto', NULL, 6, 58, NULL),
(134, 'Proučavati poreklo, nastanak i sastav zemljine kore', NULL, 7, 7, NULL),
(135, 'Otkrivati bolesti ljudi i određivati način lečenja', NULL, 7, 20, NULL),
(136, 'Otkrivati bolesti ljudi i određivati način lečenja', NULL, 7, 33, NULL),
(137, 'Vršiti naučna istraživanja', NULL, 7, 46, NULL),
(138, 'Izvoditi eksperimente o ljudskom ponašanju u laboratoriji', NULL, 7, 59, NULL),
(139, 'Proučavati nastanak razvoj i kretanje nebeskih tela', NULL, 7, 69, NULL),
(140, 'Raditi u dečijem vrtiću ', NULL, 8, 8, NULL),
(141, 'Brinuti o nepokretnim, iznemoglim ili starim osobama', NULL, 8, 21, NULL),
(142, 'Podučavati decu kako pravilno da izgovaraju glasove', NULL, 8, 34, NULL),
(143, 'Prevaspitati mlade ljude koji imaju problema sa ponašanjem', NULL, 8, 47, NULL),
(144, 'Pomagati deci ometenoj u razvoju', NULL, 8, 60, NULL),
(145, 'Brati i prodavati povrće i voće', NULL, 9, 9, NULL),
(146, 'Gajiti domaće životinje', NULL, 9, 22, NULL),
(147, 'Obrađivati zemljište pomoću poloprivredne mehanizacije', NULL, 9, 35, NULL),
(148, 'Brinuti o zdravlju domaćih životinja', NULL, 9, 48, NULL),
(149, 'Gajiti ukrasno cveće', NULL, 9, 61, NULL),
(150, 'Popravljati polomljene stvari ili opremu', NULL, 10, 10, NULL),
(151, 'Popravljati kućne aparate i instalacije', NULL, 10, 23, NULL),
(152, 'Postavljati tapete na zid, krečiti stan', NULL, 10, 36, NULL),
(153, 'Uvoditi centralno grejanje u kuću', NULL, 10, 49, NULL),
(154, 'Izrađivati ručno zanatske proizvode', NULL, 10, 62, NULL),
(155, 'Trenirati dečiji sportski tim', NULL, 11, 11, NULL),
(156, 'Komentarisati i prenosti sportske događaje', NULL, 11, 24, NULL),
(157, 'Upravljati radom sportskog kluba', NULL, 11, 37, NULL),
(158, 'Pisati novinske članke o sportskim događajima', NULL, 11, 50, NULL),
(159, 'Profesionalno trenirati sportski tim', NULL, 11, 63, NULL),
(160, 'Davati informacije kupcima o kvalitetu proizvoda', NULL, 12, 12, NULL),
(161, 'Organizovati prijem i smeštaj gostiju u hotel', NULL, 12, 25, NULL),
(162, 'Organozovati zabavu ili proslavu u noćnom klubu', NULL, 12, 38, NULL),
(163, 'Spremati jela stranih kuhinja', NULL, 12, 51, NULL),
(164, 'Oblikovati moderne ženske i muške frizure', NULL, 12, 64, NULL),
(165, 'Nagovarati ljude da kupuju neke proizvode', NULL, 13, 13, NULL),
(166, 'Upravljati sopstvenom malom firmom', NULL, 13, 26, NULL),
(167, 'Organizovati i usklađivati rad radnika na mašinama', NULL, 13, 39, NULL),
(168, 'Testirati i birati ljude za određeni posao', NULL, 13, 52, NULL),
(169, 'Izdavati naloge i upustva i kontrolisati njihovo izvršavanje u firmi', NULL, 13, 65, NULL),
(170, 'Uticati na ponašanje ljude preko organizovane marketinške kampanje', NULL, 13, 68, NULL);

-- --------------------------------------------------------

--
-- Table structure for table `question_answers`
--

CREATE TABLE IF NOT EXISTS `question_answers` (
  `id` int(11) NOT NULL AUTO_INCREMENT,
  `user_id` int(11) NOT NULL,
  `question_id` int(11) NOT NULL,
  `answer` int(11) NOT NULL,
  PRIMARY KEY (`id`)
) ENGINE=InnoDB  DEFAULT CHARSET=utf8 AUTO_INCREMENT=171 ;

--
-- Dumping data for table `question_answers`
--

INSERT INTO `question_answers` (`id`, `user_id`, `question_id`, `answer`) VALUES
(1, 17, 1, 10),
(2, 17, 2, 0),
(3, 17, 3, 9),
(4, 17, 4, 6),
(5, 17, 5, 7),
(6, 17, 6, 10),
(7, 17, 7, 10),
(8, 17, 8, 4),
(9, 17, 9, 7),
(10, 17, 10, 5),
(11, 17, 11, 7),
(12, 17, 12, 6),
(13, 17, 13, 7),
(14, 17, 14, 7),
(15, 17, 15, 5),
(16, 17, 16, 5),
(17, 17, 17, 2),
(18, 17, 18, 10),
(19, 17, 19, 7),
(20, 17, 20, 8),
(21, 17, 21, 10),
(22, 17, 22, 8),
(23, 17, 23, 10),
(24, 17, 24, 10),
(25, 17, 25, 5),
(26, 17, 26, 8),
(27, 17, 27, 6),
(28, 17, 28, 0),
(29, 17, 29, 6),
(30, 17, 30, 9),
(31, 17, 31, 10),
(32, 17, 32, 10),
(33, 17, 33, 6),
(34, 17, 34, 0),
(35, 17, 35, 10),
(36, 17, 36, 10),
(37, 17, 37, 7),
(38, 17, 38, 10),
(39, 17, 39, 9),
(40, 17, 40, 9),
(41, 17, 41, 4),
(42, 17, 42, 0),
(43, 17, 43, 0),
(44, 17, 44, 5),
(45, 17, 45, 0),
(46, 17, 46, 6),
(47, 17, 47, 7),
(48, 17, 48, 0),
(49, 17, 49, 0),
(50, 17, 50, 10),
(51, 17, 51, 8),
(52, 17, 52, 10),
(53, 17, 53, 10),
(54, 17, 54, 10),
(55, 17, 55, 10),
(56, 17, 56, 6),
(57, 17, 57, 10),
(58, 17, 58, 9),
(59, 17, 59, 10),
(60, 17, 60, 8),
(61, 17, 61, 9),
(62, 17, 62, 10),
(63, 17, 63, 8),
(64, 17, 64, 5),
(65, 17, 65, 8),
(66, 17, 66, 6),
(67, 17, 67, 6),
(68, 17, 68, 5),
(69, 17, 69, 9),
(70, 17, 70, 10),
(71, 17, 71, 10),
(72, 17, 72, 8),
(73, 17, 73, 10),
(74, 17, 74, 9),
(75, 17, 75, 10),
(76, 17, 76, 10),
(77, 17, 77, 6),
(78, 17, 78, 10),
(79, 17, 79, 9),
(80, 17, 80, 10),
(81, 17, 81, 8),
(82, 17, 82, 10),
(83, 17, 83, 5),
(84, 17, 84, 10),
(85, 17, 85, 10),
(86, 17, 86, 10),
(87, 17, 87, 10),
(88, 17, 88, 6),
(89, 17, 89, 8),
(90, 17, 90, 10),
(91, 17, 91, 10),
(92, 17, 92, 6),
(93, 17, 93, 0),
(94, 17, 94, 7),
(95, 17, 95, 10),
(96, 17, 96, 8),
(97, 17, 97, 2),
(98, 17, 98, 10),
(99, 17, 99, 7),
(100, 17, 100, 0),
(101, 17, 101, 7),
(102, 17, 102, 0),
(103, 17, 103, 0),
(104, 17, 104, 0),
(105, 17, 105, 0),
(106, 17, 106, 2),
(107, 17, 107, 0),
(108, 17, 108, 1),
(109, 17, 109, 0),
(110, 17, 110, 0),
(111, 17, 111, 0),
(112, 17, 112, 10),
(113, 17, 113, 10),
(114, 17, 114, 10),
(115, 17, 115, 7),
(116, 17, 116, 10),
(117, 17, 117, 10),
(118, 17, 118, 0),
(119, 17, 119, 0),
(120, 17, 120, 8),
(121, 17, 121, 0),
(122, 17, 122, 1),
(123, 17, 123, 0),
(124, 17, 124, 0),
(125, 17, 125, 0),
(126, 17, 126, 0),
(127, 17, 127, 0),
(128, 17, 128, 0),
(129, 17, 129, 0),
(130, 17, 130, 0),
(131, 17, 131, 7),
(132, 17, 132, 0),
(133, 17, 133, 0),
(134, 17, 134, 0),
(135, 17, 135, 0),
(136, 17, 136, 0),
(137, 17, 137, 8),
(138, 17, 138, 0),
(139, 17, 139, 0),
(140, 17, 140, 0),
(141, 17, 141, 0),
(142, 17, 142, 0),
(143, 17, 143, 0),
(144, 17, 144, 0),
(145, 17, 145, 0),
(146, 17, 146, 0),
(147, 17, 147, 0),
(148, 17, 148, 0),
(149, 17, 149, 0),
(150, 17, 150, 0),
(151, 17, 151, 10),
(152, 17, 152, 0),
(153, 17, 153, 0),
(154, 17, 154, 0),
(155, 17, 155, 0),
(156, 17, 156, 7),
(157, 17, 157, 9),
(158, 17, 158, 8),
(159, 17, 159, 0),
(160, 17, 160, 0),
(161, 17, 161, 0),
(162, 17, 162, 0),
(163, 17, 163, 0),
(164, 17, 164, 0),
(165, 17, 165, 0),
(166, 17, 166, 10),
(167, 17, 167, 0),
(168, 17, 168, 8),
(169, 17, 169, 9),
(170, 17, 170, 10);

-- --------------------------------------------------------

--
-- Table structure for table `question_types`
--

CREATE TABLE IF NOT EXISTS `question_types` (
  `id` int(11) NOT NULL AUTO_INCREMENT,
  `type` varchar(255) NOT NULL,
  PRIMARY KEY (`id`)
) ENGINE=InnoDB  DEFAULT CHARSET=utf8 AUTO_INCREMENT=14 ;

--
-- Dumping data for table `question_types`
--

INSERT INTO `question_types` (`id`, `type`) VALUES
(1, 'Administracija'),
(2, 'Bezbednost'),
(3, 'Tehnika, elektronika, računarstvo i mašinstvo'),
(4, 'Kreativnost'),
(5, 'Kultura'),
(6, 'Literatura'),
(7, 'Nauka'),
(8, 'Pomaganje'),
(9, 'Poljoprivreda'),
(10, 'Praktične delatnosti, manuelni zanati'),
(11, 'Sport'),
(12, 'Lične usluge'),
(13, 'Upravljačke');

-- --------------------------------------------------------

--
-- Table structure for table `recommendations`
--

CREATE TABLE IF NOT EXISTS `recommendations` (
  `id` int(11) NOT NULL AUTO_INCREMENT,
  `user_id` int(11) NOT NULL,
  `college_id` int(11) NOT NULL,
  PRIMARY KEY (`id`)
) ENGINE=InnoDB DEFAULT CHARSET=utf8 AUTO_INCREMENT=1 ;

-- --------------------------------------------------------

--
-- Table structure for table `school_types`
--

CREATE TABLE IF NOT EXISTS `school_types` (
  `id` int(11) NOT NULL AUTO_INCREMENT,
  `title` varchar(255) NOT NULL,
  PRIMARY KEY (`id`)
) ENGINE=InnoDB  DEFAULT CHARSET=utf8 AUTO_INCREMENT=13 ;

--
-- Dumping data for table `school_types`
--

INSERT INTO `school_types` (`id`, `title`) VALUES
(1, 'Elektrotehnička'),
(2, 'Mašinska'),
(3, 'Ekonomska'),
(4, 'Medicinska'),
(5, 'Zubotehnička'),
(6, 'Pravno-birotehnička'),
(7, 'Muzička'),
(8, 'Gimnazija'),
(9, 'Matematička gimnazija'),
(10, 'Politehnička'),
(11, 'Turistička'),
(12, 'Građevinska');

-- --------------------------------------------------------

--
-- Table structure for table `users`
--

CREATE TABLE IF NOT EXISTS `users` (
  `id` int(11) NOT NULL AUTO_INCREMENT,
  `first_name` varchar(255) NOT NULL,
  `last_name` varchar(255) NOT NULL,
  `email` varchar(255) NOT NULL,
  `school_type` int(11) NOT NULL,
  `high_school` varchar(255) NOT NULL,
  `year_of_birth` int(11) NOT NULL,
  `gender` int(11) NOT NULL,
  `current_town` int(11) NOT NULL,
  `poljoprivreda` double(10,6) DEFAULT NULL,
  `sumarstvo` double(10,6) DEFAULT NULL,
  `geodezija` double(10,6) DEFAULT NULL,
  `masinstvo` double(10,6) DEFAULT NULL,
  `elektrotehnika` double(10,6) DEFAULT NULL,
  `hemija` double(10,6) DEFAULT NULL,
  `tekstil` double(10,6) DEFAULT NULL,
  `saobracaj` double(10,6) DEFAULT NULL,
  `trgovinaugostiteljstvo` double(10,6) DEFAULT NULL,
  `ekonomijapravo` double(10,6) DEFAULT NULL,
  `hidrometeorologija` double(10,6) DEFAULT NULL,
  `kultura` double(10,6) DEFAULT NULL,
  `zdravstvo` double(10,6) DEFAULT NULL,
  `usluge` double(10,6) DEFAULT NULL,
  `selection` int(11) DEFAULT NULL,
  PRIMARY KEY (`id`),
  UNIQUE KEY `email` (`email`)
) ENGINE=InnoDB  DEFAULT CHARSET=utf8 AUTO_INCREMENT=20 ;

--
-- Dumping data for table `users`
--

INSERT INTO `users` (`id`, `first_name`, `last_name`, `email`, `school_type`, `high_school`, `year_of_birth`, `gender`, `current_town`, `poljoprivreda`, `sumarstvo`, `geodezija`, `masinstvo`, `elektrotehnika`, `hemija`, `tekstil`, `saobracaj`, `trgovinaugostiteljstvo`, `ekonomijapravo`, `hidrometeorologija`, `kultura`, `zdravstvo`, `usluge`, `selection`) VALUES
(17, 'Vuk ', 'Stanković', 'vuks89@gmail.com', 1, 'Nikola Tesla', 1989, 1, 29, 0.000000, 0.000000, 0.000000, 5.065452, 5.065452, 0.000000, 0.000000, 0.000000, 6.000000, 6.614408, 0.000000, 6.000000, 0.000000, 6.000000, NULL),
(18, 'Vuk', 'Stanković', 'vuks89@yahoo.com', 1, 'Nikola Tesla', 1989, 1, 23, NULL, NULL, NULL, NULL, NULL, NULL, NULL, NULL, NULL, NULL, NULL, NULL, NULL, NULL, NULL),
(19, 'Vuk', 'Stanković', 'me@vukstankovic.com', 1, 'Nikola Tesla', 1989, 1, 29, NULL, NULL, NULL, NULL, NULL, NULL, NULL, NULL, NULL, NULL, NULL, NULL, NULL, NULL, NULL);

/*!40101 SET CHARACTER_SET_CLIENT=@OLD_CHARACTER_SET_CLIENT */;
/*!40101 SET CHARACTER_SET_RESULTS=@OLD_CHARACTER_SET_RESULTS */;
/*!40101 SET COLLATION_CONNECTION=@OLD_COLLATION_CONNECTION */;
